"year","gender","distance","stroke","rank","name","country","countrycode","time","timeBehind","genderDistance"
"2003","men"," 50","back"," 1","Thomas RUPPRATH","Germany","GER","24.80","0.00","men 50"
"2003","men"," 50","back"," 2","Matthew WELSH","Australia","AUS","25.01","0.21","men 50"
"2003","men"," 50","back"," 3","Johannes Gerhardus ZANDBERG","South Africa","RSA","25.07","0.27","men 50"
"2003","men"," 50","back"," 4","Steffen DRIESEN","Germany","GER","25.14","0.34","men 50"
"2003","men"," 50","back"," 5","Randall BAL","United States","USA","25.19","0.39","men 50"
"2003","men"," 50","back"," 6","Darius GRIGALIONIS","Lithuania","LTU","25.53","0.73","men 50"
"2003","men"," 50","back"," 7","Joshua WATSON","Australia","AUS","25.62","0.82","men 50"
"2003","men"," 50","back"," 8","Aaron PEIRSOL","United States","USA","25.75","0.95","men 50"
"2003","men"," 50","breast"," 1","James GIBSON","Great Britain","GBR","27.56","0.00","men 50"
"2003","men"," 50","breast"," 2","Oleg LISOGOR","Ukraine","UKR","27.74","0.18","men 50"
"2003","men"," 50","breast"," 3","Mihaly FLASKAY","Hungary","HUN","27.79","0.23","men 50"
"2003","men"," 50","breast"," 4","Mark WARNECKE","Germany","GER","27.87","0.31","men 50"
"2003","men"," 50","breast"," 5","Darren MEW","Great Britain","GBR","27.92","0.36","men 50"
"2003","men"," 50","breast"," 6","Alessandro TERRIN","Italy","ITA","27.98","0.42","men 50"
"2003","men"," 50","breast"," 7","Emil TAHIROVIC","Slovenia","SLO","28.17","0.61","men 50"
"2003","men"," 50","breast","NA","Mladen TEPAVCEVIC","Yugoslavia","YUG","NA","NA","men 50"
"2003","men"," 50","fly"," 1","Matthew WELSH","Australia","AUS","23.43","0.00","men 50"
"2003","men"," 50","fly"," 2","Ian CROCKER","United States","USA","23.62","0.19","men 50"
"2003","men"," 50","fly"," 3","Evgueni KOROTYCHKINE","Russia","RUS","23.73","0.30","men 50"
"2003","men"," 50","fly"," 4","Geoffrey HUEGILL","Australia","AUS","23.76","0.33","men 50"
"2003","men"," 50","fly"," 5","Roland SCHOEMAN","South Africa","RSA","23.79","0.36","men 50"
"2003","men"," 50","fly"," 6","Thomas RUPPRATH","Germany","GER","23.83","0.40","men 50"
"2003","men"," 50","fly"," 7","Mark FOSTER","Great Britain","GBR","23.86","0.43","men 50"
"2003","men"," 50","fly"," 8","Fernando SCHERER","Brazil","BRA","23.96","0.53","men 50"
"2003","men"," 50","free"," 1","Alexander POPOV","Russia","RUS","21.92","0.00","men 50"
"2003","men"," 50","free"," 2","Mark FOSTER","Great Britain","GBR","22.20","0.28","men 50"
"2003","men"," 50","free"," 3","Pieter VAN DEN HOOGENBAND","Netherlands","NED","22.29","0.37","men 50"
"2003","men"," 50","free"," 4","Johan KENKHUIS","Netherlands","NED","22.30","0.38","men 50"
"2003","men"," 50","free"," 5","Julien SICOT","France","FRA","22.38","0.46","men 50"
"2003","men"," 50","free"," 6","Olersandr VOLYNETS","Ukraine","UKR","22.40","0.48","men 50"
"2003","men"," 50","free"," 7","Brett HAWKE","Australia","AUS","22.41","0.49","men 50"
"2003","men"," 50","free"," 8","Jason LEZAK","United States","USA","22.44","0.52","men 50"
"2003","men","100","back"," 1","Aaron PEIRSOL","United States","USA","53.61","0.00","men 100"
"2003","men","100","back"," 2","Arkady VYATCHANIN","Russia","RUS","53.92","0.31","men 100"
"2003","men","100","back"," 2","Matthew WELSH","Australia","AUS","53.92","0.31","men 100"
"2003","men","100","back"," 4","Steffen DRIESEN","Germany","GER","54.17","0.56","men 100"
"2003","men","100","back"," 5","Markus ROGAN","Austria","AUT","54.53","0.92","men 100"
"2003","men","100","back"," 6","Tomomi MORITA","Japan","JPN","54.86","1.25","men 100"
"2003","men","100","back"," 7","Laszlo CSEH","Hungary","HUN","54.95","1.34","men 100"
"2003","men","100","back"," 8","Keng Liat Alex LIM","Malaysia","MAS","55.18","1.57","men 100"
"2003","men","100","breast"," 1","Kosuke KITAJIMA","Japan","JPN","59.78","0.00","men 100"
"2003","men","100","breast"," 2","Brendan HANSEN","United States","USA","60.21","0.43","men 100"
"2003","men","100","breast"," 3","James GIBSON","Great Britain","GBR","60.37","0.59","men 100"
"2003","men","100","breast"," 4","Ed MOSES","United States","USA","60.87","1.09","men 100"
"2003","men","100","breast"," 5","Morgan KNABE","Canada","CAN","61.07","1.29","men 100"
"2003","men","100","breast"," 6","Domenico FIORAVANTI","Italy","ITA","61.23","1.45","men 100"
"2003","men","100","breast"," 7","Darren MEW","Great Britain","GBR","61.36","1.58","men 100"
"2003","men","100","breast"," 8","Hugues DUBOSCQ","France","FRA","61.48","1.70","men 100"
"2003","men","100","fly"," 1","Ian CROCKER","United States","USA","50.98","0.00","men 100"
"2003","men","100","fly"," 2","Michael PHELPS","United States","USA","51.10","0.12","men 100"
"2003","men","100","fly"," 3","Andrii SERDINOV","Ukraine","UKR","51.59","0.61","men 100"
"2003","men","100","fly"," 4","Igor MARCHENKO","Russia","RUS","51.95","0.97","men 100"
"2003","men","100","fly"," 5","Thomas RUPPRATH","Germany","GER","51.98","1.00","men 100"
"2003","men","100","fly"," 6","Takashi YAMAMOTO","Japan","JPN","52.27","1.29","men 100"
"2003","men","100","fly"," 7","Franck ESPOSITO","France","FRA","52.68","1.70","men 100"
"2003","men","100","fly"," 8","Evgueni KOROTYCHKINE","Russia","RUS","53.00","2.02","men 100"
"2003","men","100","free"," 1","Alexander POPOV","Russia","RUS","48.42","0.00","men 100"
"2003","men","100","free"," 2","Pieter VAN DEN HOOGENBAND","Netherlands","NED","48.68","0.26","men 100"
"2003","men","100","free"," 3","Ian THORPE","Australia","AUS","48.77","0.35","men 100"
"2003","men","100","free"," 4","Jason LEZAK","United States","USA","48.94","0.52","men 100"
"2003","men","100","free"," 5","Andrei KAPRALOV","Russia","RUS","48.95","0.53","men 100"
"2003","men","100","free"," 6","Frederick BOUSQUET","France","FRA","49.30","0.88","men 100"
"2003","men","100","free"," 7","Ryk NEETHLING","South Africa","RSA","49.51","1.09","men 100"
"2003","men","100","free"," 8","Milorad CAVIC","Yugoslavia","YUG","49.65","1.23","men 100"
"2003","women"," 50","back"," 1","Nina ZHIVANEVSKAYA","Spain","ESP","28.48","0.00","women 50"
"2003","women"," 50","back"," 2","Ilona HLAVACKOVA","Czech Republic","CZE","28.50","0.02","women 50"
"2003","women"," 50","back"," 3","Noriko INADA","Japan","JPN","28.62","0.14","women 50"
"2003","women"," 50","back"," 4","Jennifer CARROLL","Canada","CAN","28.65","0.17","women 50"
"2003","women"," 50","back"," 5","Sandra VÖLKER","Germany","GER","28.69","0.21","women 50"
"2003","women"," 50","back"," 6","Louise ØRNSTEDT","Denmark","DEN","28.93","0.45","women 50"
"2003","women"," 50","back"," 7","Laure MANAUDOU","France","FRA","28.98","0.50","women 50"
"2003","women"," 50","back"," 8","Haley COPE","United States","USA","28.99","0.51","women 50"
"2003","women"," 50","breast"," 1","Xuejuan LUO","China","CHN","30.67","0.00","women 50"
"2003","women"," 50","breast"," 2","Brooke HANSON","Australia","AUS","31.13","0.46","women 50"
"2003","women"," 50","breast"," 3","Zoe BAKER","Great Britain","GBR","31.37","0.70","women 50"
"2003","women"," 50","breast"," 4","Leisel JONES","Australia","AUS","31.50","0.83","women 50"
"2003","women"," 50","breast"," 5","Tara KIRK","United States","USA","31.87","1.20","women 50"
"2003","women"," 50","breast"," 6","Kristy KOWAL","United States","USA","31.96","1.29","women 50"
"2003","women"," 50","breast"," 7","Sara POEWE","Germany","GER","32.03","1.36","women 50"
"2003","women"," 50","breast"," 8","Elena BOGOMAZOVA","Russia","RUS","32.27","1.60","women 50"
"2003","women"," 50","fly"," 1","Inge DE BRUIJN","Netherlands","NED","25.84","0.00","women 50"
"2003","women"," 50","fly"," 2","Jenny THOMPSON","United States","USA","26.00","0.16","women 50"
"2003","women"," 50","fly"," 3","Anna-Karin KAMMERLING","Sweden","SWE","26.06","0.22","women 50"
"2003","women"," 50","fly"," 4","Yafei ZHOU","China","CHN","26.85","1.01","women 50"
"2003","women"," 50","fly"," 5","Chantal GROOT","Netherlands","NED","26.92","1.08","women 50"
"2003","women"," 50","fly"," 6","Vered BOROCHOVSKY","Israel","ISR","26.98","1.14","women 50"
"2003","women"," 50","fly"," 7","Nataliya KHUDYAKOVA","Ukraine","UKR","27.10","1.26","women 50"
"2003","women"," 50","fly"," 8","Angela SAN JUAN","Spain","ESP","27.24","1.40","women 50"
"2003","women"," 50","free"," 1","Inge DE BRUIJN","Netherlands","NED","24.47","0.00","women 50"
"2003","women"," 50","free"," 2","Alice MILLS","Australia","AUS","25.07","0.60","women 50"
"2003","women"," 50","free"," 3","Lisbeth LENTON","Australia","AUS","25.08","0.61","women 50"
"2003","women"," 50","free"," 4","Jenny THOMPSON","United States","USA","25.10","0.63","women 50"
"2003","women"," 50","free"," 5","Sandra VÖLKER","Germany","GER","25.14","0.67","women 50"
"2003","women"," 50","free"," 6","Martina MORAVCOVA","Slovakia","SVK","25.17","0.70","women 50"
"2003","women"," 50","free"," 7","Marleen VELDHUIS","Netherlands","NED","25.49","1.02","women 50"
"2003","women"," 50","free"," 8","Sviatlana KHAKHLOVA","Belarus","BLR","25.53","1.06","women 50"
"2003","women","100","back"," 1","Antje BUSCHSCHULTE","Germany","GER","60.50","0.00","women 100"
"2003","women","100","back"," 2","Louise ØRNSTEDT","Denmark","DEN","60.86","0.36","women 100"
"2003","women","100","back"," 2","Katy SEXTON","Great Britain","GBR","60.86","0.36","women 100"
"2003","women","100","back"," 4","Nina ZHIVANEVSKAYA","Spain","ESP","61.18","0.68","women 100"
"2003","women","100","back"," 5","Stanislava KOMAROVA","Russia","RUS","61.36","0.86","women 100"
"2003","women","100","back"," 6","Iryna AMSHENNIKOVA","Ukraine","UKR","61.43","0.93","women 100"
"2003","women","100","back"," 7","Mai NAKAMURA","Japan","JPN","61.51","1.01","women 100"
"2003","women","100","back"," 8","Sarah PRICE","Great Britain","GBR","61.63","1.13","women 100"
"2003","women","100","breast"," 1","Xuejuan LUO","China","CHN","66.80","0.00","women 100"
"2003","women","100","breast"," 2","Amanda BEARD","United States","USA","67.42","0.62","women 100"
"2003","women","100","breast"," 3","Leisel JONES","Australia","AUS","67.47","0.67","women 100"
"2003","women","100","breast"," 4","Sara POEWE","Germany","GER","68.06","1.26","women 100"
"2003","women","100","breast"," 5","Tara KIRK","United States","USA","68.30","1.50","women 100"
"2003","women","100","breast"," 6","Brooke HANSON","Australia","AUS","68.55","1.75","women 100"
"2003","women","100","breast"," 7","Mirna JUKIC","Austria","AUT","68.76","1.96","women 100"
"2003","women","100","breast"," 8","Rhiannon LEIER","Canada","CAN","69.39","2.59","women 100"
"2003","women","100","fly"," 1","Jenny THOMPSON","United States","USA","57.96","0.00","women 100"
"2003","women","100","fly"," 2","Otylia JEDRZEJCZAK","Poland","POL","58.22","0.26","women 100"
"2003","women","100","fly"," 3","Martina MORAVCOVA","Slovakia","SVK","58.24","0.28","women 100"
"2003","women","100","fly"," 4","Alena POPCHANKA","Belarus","BLR","58.90","0.94","women 100"
"2003","women","100","fly"," 5","Yafei ZHOU","China","CHN","59.08","1.12","women 100"
"2003","women","100","fly"," 6","Anna-Karin KAMMERLING","Sweden","SWE","59.14","1.18","women 100"
"2003","women","100","fly"," 7","Yuko NAKANISHI","Japan","JPN","59.32","1.36","women 100"
"2003","women","100","fly"," 8","Natalie COUGHLIN","United States","USA","59.63","1.67","women 100"
"2003","women","100","free"," 1","Hanna-Maria SEPPÄLÄ","Finland","FIN","54.37","0.00","women 100"
"2003","women","100","free"," 2","Jodie HENRY","Australia","AUS","54.58","0.21","women 100"
"2003","women","100","free"," 3","Jenny THOMPSON","United States","USA","54.65","0.28","women 100"
"2003","women","100","free"," 4","Alena POPCHANKA","Belarus","BLR","54.79","0.42","women 100"
"2003","women","100","free"," 5","Lisbeth LENTON","Australia","AUS","54.82","0.45","women 100"
"2003","women","100","free"," 6","Martina MORAVCOVA","Slovakia","SVK","54.86","0.49","women 100"
"2003","women","100","free"," 7","Antje BUSCHSCHULTE","Germany","GER","54.91","0.54","women 100"
"2003","women","100","free"," 8","Marleen VELDHUIS","Netherlands","NED","55.17","0.80","women 100"
"2005","men"," 50","back"," 1","Aristeidis GRIGORIADIS","Greece","GRE","24.95","0.00","men 50"
"2005","men"," 50","back"," 2","Matt WELSH","Australia","AUS","24.99","0.04","men 50"
"2005","men"," 50","back"," 3","Liam TANCOCK","Great Britain","GBR","25.02","0.07","men 50"
"2005","men"," 50","back"," 4","Randall BAL","United States","USA","25.23","0.28","men 50"
"2005","men"," 50","back"," 5","Aaron PEIRSOL","United States","USA","25.30","0.35","men 50"
"2005","men"," 50","back"," 6","Thomas RUPPRATH","Germany","GER","25.38","0.43","men 50"
"2005","men"," 50","back"," 7","Junichi MIYASHITA","Japan","JPN","25.85","0.90","men 50"
"2005","men"," 50","back"," 8","Marco DI CARLI","Germany","GER","26.48","1.53","men 50"
"2005","men"," 50","breast"," 1","Mark WARNECKE","Germany","GER","27.63","0.00","men 50"
"2005","men"," 50","breast"," 2","Mark GANGLOFF","United States","USA","27.71","0.08","men 50"
"2005","men"," 50","breast"," 3","Kosuke KITAJIMA","Japan","JPN","27.78","0.15","men 50"
"2005","men"," 50","breast"," 4","Hugues DUBOSCQ","France","FRA","27.87","0.24","men 50"
"2005","men"," 50","breast"," 5","Chris COOK","Great Britain","GBR","28.00","0.37","men 50"
"2005","men"," 50","breast"," 6","Valeriy DYMO","Ukraine","UKR","28.03","0.40","men 50"
"2005","men"," 50","breast"," 6","Emil TAHIROVIC","Slovenia","SLO","28.03","0.40","men 50"
"2005","men"," 50","breast"," 8","Brenton RICKARD","Australia","AUS","28.27","0.64","men 50"
"2005","men"," 50","fly"," 1","Roland SCHOEMAN","South Africa","RSA","22.96","0.00","men 50"
"2005","men"," 50","fly"," 2","Ian CROCKER","United States","USA","23.12","0.16","men 50"
"2005","men"," 50","fly"," 3","Sergiy BREUS","Ukraine","UKR","23.38","0.42","men 50"
"2005","men"," 50","fly"," 4","Ryk NEETHLING","South Africa","RSA","23.48","0.52","men 50"
"2005","men"," 50","fly"," 5","SCHERER SCHERE","Brazil","BRA","23.74","0.78","men 50"
"2005","men"," 50","fly"," 6","Evgeny KOROTYSHKIN","Russia","RUS","23.84","0.88","men 50"
"2005","men"," 50","fly"," 7","Duje DRAGANJA","Croatia","CRO","23.96","1.00","men 50"
"2005","men"," 50","fly"," 8","Mike MINTENKO","Canada","CAN","23.99","1.03","men 50"
"2005","men"," 50","free"," 1","Roland SCHOEMAN","South Africa","RSA","21.69","0.00","men 50"
"2005","men"," 50","free"," 2","Duje DRAGANJA","Croatia","CRO","21.89","0.20","men 50"
"2005","men"," 50","free"," 3","Bartosz KIZIEROWSKI","Poland","POL","21.94","0.25","men 50"
"2005","men"," 50","free"," 4","Salim ILES","Algeria","ALG","22.15","0.46","men 50"
"2005","men"," 50","free"," 5","Andrey KAPRALOV","Russia","RUS","22.16","0.47","men 50"
"2005","men"," 50","free"," 6","Nicholas BRUNELLI","United States","USA","22.25","0.56","men 50"
"2005","men"," 50","free"," 7","Frederick BOUSQUET","France","FRA","22.44","0.75","men 50"
"2005","men"," 50","free"," 8","Eduard LORENTE","Spain","ESP","22.46","0.77","men 50"
"2005","men","100","back"," 1","Aaron PEIRSOL","United States","USA","53.62","0.00","men 100"
"2005","men","100","back"," 2","Randall BAL","United States","USA","54.02","0.40","men 100"
"2005","men","100","back"," 3","Laszlo CSEH","Hungary","HUN","54.27","0.65","men 100"
"2005","men","100","back"," 4","Tomomi MORITA","Japan","JPN","54.31","0.69","men 100"
"2005","men","100","back"," 5","Arkady VYATCHANIN","Russia","RUS","54.50","0.88","men 100"
"2005","men","100","back"," 6","Aristeidis GRIGORIADIS","Greece","GRE","54.61","0.99","men 100"
"2005","men","100","back"," 7","Markus ROGAN","Austria","AUT","54.81","1.19","men 100"
"2005","men","100","back"," 8","Blaz MEDVESEK","Slovenia","SLO","55.13","1.51","men 100"
"2005","men","100","breast"," 1","Brendan HANSEN","United States","USA","59.37","0.00","men 100"
"2005","men","100","breast"," 2","Kosuke KITAJIMA","Japan","JPN","59.53","0.16","men 100"
"2005","men","100","breast"," 3","Hugues DUBOSCQ","France","FRA","60.20","0.83","men 100"
"2005","men","100","breast"," 4","Oleg LISOGOR","Ukraine","UKR","60.36","0.99","men 100"
"2005","men","100","breast"," 5","Dmitry KOMORNIKOV","Russia","RUS","60.66","1.29","men 100"
"2005","men","100","breast"," 6","Chris COOK","Great Britain","GBR","60.99","1.62","men 100"
"2005","men","100","breast"," 7","Alexander DALE OEN","Norway","NOR","61.29","1.92","men 100"
"2005","men","100","breast"," 8","Emil TAHIROVIC","Slovenia","SLO","61.33","1.96","men 100"
"2005","men","100","fly"," 1","Ian CROCKER","United States","USA","50.40","0.00","men 100"
"2005","men","100","fly"," 2","Michael PHELPS","United States","USA","51.65","1.25","men 100"
"2005","men","100","fly"," 3","Andriy SERDINOV","Ukraine","UKR","52.08","1.68","men 100"
"2005","men","100","fly"," 4","Igor MARCHENKO","Russia","RUS","52.35","1.95","men 100"
"2005","men","100","fly"," 5","Evgeny KOROTYSHKIN","Russia","RUS","52.87","2.47","men 100"
"2005","men","100","fly"," 5","Mike MINTENKO","Canada","CAN","52.87","2.47","men 100"
"2005","men","100","fly"," 7","Brandonn ALMEIDA","Brazil","BRA","53.13","2.73","men 100"
"2005","men","100","fly"," 8","TAKAYASU TAKAYAS","Japan","JPN","53.28","2.88","men 100"
"2005","men","100","free"," 1","Filippo MAGNINI","Italy","ITA","48.12","0.00","men 100"
"2005","men","100","free"," 2","Roland SCHOEMAN","South Africa","RSA","48.28","0.16","men 100"
"2005","men","100","free"," 3","Ryk NEETHLING","South Africa","RSA","48.34","0.22","men 100"
"2005","men","100","free"," 4","Jason LEZAK","United States","USA","48.74","0.62","men 100"
"2005","men","100","free"," 5","Duje DRAGANJA","Croatia","CRO","48.89","0.77","men 100"
"2005","men","100","free"," 6","Brent HAYDEN","Canada","CAN","48.92","0.80","men 100"
"2005","men","100","free"," 7","Michael PHELPS","United States","USA","48.99","0.87","men 100"
"2005","men","100","free"," 8","Amaury LEVEAUX","France","FRA","49.55","1.43","men 100"
"2005","women"," 50","back"," 1","Giaan ROONEY","Australia","AUS","28.63","0.00","women 50"
"2005","women"," 50","back"," 2","Chang GAO","China","CHN","28.69","0.06","women 50"
"2005","women"," 50","back"," 3","Antje BUSCHSCHULTE","Germany","GER","28.72","0.09","women 50"
"2005","women"," 50","back"," 4","Mai NAKAMURA","Japan","JPN","28.86","0.23","women 50"
"2005","women"," 50","back"," 5","Sophie EDINGTON","Australia","AUS","28.87","0.24","women 50"
"2005","women"," 50","back"," 6","Janine PIETSCH","Germany","GER","28.88","0.25","women 50"
"2005","women"," 50","back"," 7","Hannah MC LEAN","New Zealand","NZL","28.90","0.27","women 50"
"2005","women"," 50","back"," 8","Nam-Eun LEE","Republic of Korea","KOR","29.35","0.72","women 50"
"2005","women"," 50","breast"," 1","Jade EDMISTONE","Australia","AUS","30.45","0.00","women 50"
"2005","women"," 50","breast"," 2","Jessica HARDY","United States","USA","30.85","0.40","women 50"
"2005","women"," 50","breast"," 3","Brooke HANSON","Australia","AUS","30.89","0.44","women 50"
"2005","women"," 50","breast"," 4","Tara KIRK","United States","USA","31.38","0.93","women 50"
"2005","women"," 50","breast"," 5","Zoe BAKER","New Zealand","NZL","31.43","0.98","women 50"
"2005","women"," 50","breast"," 6","Kate HAYWOOD","Great Britain","GBR","31.49","1.04","women 50"
"2005","women"," 50","breast"," 7","Xuejuan LUO","China","CHN","31.50","1.05","women 50"
"2005","women"," 50","breast"," 8","Janne SCHÄFER","Germany","GER","32.45","2.00","women 50"
"2005","women"," 50","fly"," 1","Danni MIATKE","Australia","AUS","26.11","0.00","women 50"
"2005","women"," 50","fly"," 2","Anna-Karin KAMMERLING","Sweden","SWE","26.36","0.25","women 50"
"2005","women"," 50","fly"," 3","Therese ALSHAMMAR","Sweden","SWE","26.39","0.28","women 50"
"2005","women"," 50","fly"," 4","Fabienne NADARAJAH","Austria","AUT","26.50","0.39","women 50"
"2005","women"," 50","fly"," 5","Antje BUSCHSCHULTE","Germany","GER","26.55","0.44","women 50"
"2005","women"," 50","fly"," 6","Natalie COUGHLIN","United States","USA","26.63","0.52","women 50"
"2005","women"," 50","fly"," 7","Inge DEKKER","Netherlands","NED","26.93","0.82","women 50"
"2005","women"," 50","fly"," 8","Elizabeth COSTER","New Zealand","NZL","27.23","1.12","women 50"
"2005","women"," 50","free"," 1","Lisbeth LENTON","Australia","AUS","24.59","0.00","women 50"
"2005","women"," 50","free"," 2","Marleen VELDHUIS","Netherlands","NED","24.83","0.24","women 50"
"2005","women"," 50","free"," 3","Yingwen ZHU","China","CHN","24.91","0.32","women 50"
"2005","women"," 50","free"," 4","Therese ALSHAMMAR","Sweden","SWE","24.96","0.37","women 50"
"2005","women"," 50","free"," 5","Alice MILLS","Australia","AUS","25.02","0.43","women 50"
"2005","women"," 50","free"," 6","Svitlana KHAKHLOVA","Belarus","BLR","25.17","0.58","women 50"
"2005","women"," 50","free"," 7","Kara Lynn JOYCE","United States","USA","25.36","0.77","women 50"
"2005","women"," 50","free"," 8","Jana KOLUKANOVA","Estonia","EST","25.56","0.97","women 50"
"2005","women","100","back"," 1","Kirsty COVENTRY","Zimbabwe","ZIM","60.24","0.00","women 100"
"2005","women","100","back"," 2","Antje BUSCHSCHULTE","Germany","GER","60.84","0.60","women 100"
"2005","women","100","back"," 3","Natalie COUGHLIN","United States","USA","60.88","0.64","women 100"
"2005","women","100","back"," 4","Reiko NAKAMURA","Japan","JPN","61.00","0.76","women 100"
"2005","women","100","back"," 5","Hannah MC LEAN","New Zealand","NZL","61.16","0.92","women 100"
"2005","women","100","back"," 6","Hanae ITO","Japan","JPN","61.25","1.01","women 100"
"2005","women","100","back"," 7","Louise ØRNSTEDT","Denmark","DEN","61.36","1.12","women 100"
"2005","women","100","back"," 8","Sophie EDINGTON","Australia","AUS","61.97","1.73","women 100"
"2005","women","100","breast"," 1","Leisel JONES","Australia","AUS","66.25","0.00","women 100"
"2005","women","100","breast"," 2","Jessica HARDY","United States","USA","66.62","0.37","women 100"
"2005","women","100","breast"," 3","Tara KIRK","United States","USA","67.43","1.18","women 100"
"2005","women","100","breast"," 4","Xuejuan LUO","China","CHN","67.60","1.35","women 100"
"2005","women","100","breast"," 5","Brooke HANSON","Australia","AUS","68.07","1.82","women 100"
"2005","women","100","breast"," 6","Suzaan VAN BILJON","South Africa","RSA","68.38","2.13","women 100"
"2005","women","100","breast"," 7","Sarah POEWE","Germany","GER","68.47","2.22","women 100"
"2005","women","100","breast"," 8","Chiara BOGGIATTO","Italy","ITA","68.98","2.73","women 100"
"2005","women","100","fly"," 1","Jessicah SCHIPPER","Australia","AUS","57.23","0.00","women 100"
"2005","women","100","fly"," 2","Lisbeth LENTON","Australia","AUS","57.37","0.14","women 100"
"2005","women","100","fly"," 3","Otylia JEDRZEJCZAK","Poland","POL","58.57","1.34","women 100"
"2005","women","100","fly"," 4","Rachel KOMISARZ","United States","USA","58.80","1.57","women 100"
"2005","women","100","fly"," 5","Mary DESCENZA","United States","USA","58.87","1.64","women 100"
"2005","women","100","fly"," 6","Inge DEKKER","Netherlands","NED","59.01","1.78","women 100"
"2005","women","100","fly"," 7","Martina MORAVCOVA","Slovakia","SVK","59.25","2.02","women 100"
"2005","women","100","fly"," 8","Yafei ZHOU","China","CHN","59.42","2.19","women 100"
"2005","women","100","free"," 1","Jodie HENRY","Australia","AUS","54.18","0.00","women 100"
"2005","women","100","free"," 2","Malia METELLA","France","FRA","54.74","0.56","women 100"
"2005","women","100","free"," 2","Natalie COUGHLIN","United States","USA","54.74","0.56","women 100"
"2005","women","100","free"," 4","Amanda WEIR","United States","USA","54.77","0.59","women 100"
"2005","women","100","free"," 5","Marleen VELDHUIS","Netherlands","NED","54.90","0.72","women 100"
"2005","women","100","free"," 6","Alice MILLS","Australia","AUS","54.92","0.74","women 100"
"2005","women","100","free"," 7","Nery-Mantey NIANGKOUARA","Greece","GRE","54.93","0.75","women 100"
"2005","women","100","free"," 8","Daniela GOTZ","Germany","GER","55.27","1.09","women 100"
"2007","men"," 50","back"," 1","Gerhard ZANDBERG","South Africa","RSA","24.98","0.00","men 50"
"2007","men"," 50","back"," 2","Thomas RUPPRATH","Germany","GER","25.20","0.22","men 50"
"2007","men"," 50","back"," 3","Liam TANCOCK","Great Britain","GBR","25.23","0.25","men 50"
"2007","men"," 50","back"," 4","Steffen DRIESEN","Germany","GER","25.29","0.31","men 50"
"2007","men"," 50","back"," 5","Matthew CLAY","Great Britain","GBR","25.32","0.34","men 50"
"2007","men"," 50","back"," 6","Aristeidis GRIGORIADIS","Greece","GRE","25.52","0.54","men 50"
"2007","men"," 50","back"," 7","Junya KOGA","Japan","JPN","25.56","0.58","men 50"
"2007","men"," 50","back"," 8","Matt WELSH","Australia","AUS","25.61","0.63","men 50"
"2007","men"," 50","breast"," 1","Oleg LISOGOR","Ukraine","UKR","27.66","0.00","men 50"
"2007","men"," 50","breast"," 2","Brendan HANSEN","United States","USA","27.69","0.03","men 50"
"2007","men"," 50","breast"," 3","Cameron VAN DER BURGH","South Africa","RSA","27.88","0.22","men 50"
"2007","men"," 50","breast"," 4","Alessandro TERRIN","Italy","ITA","28.09","0.43","men 50"
"2007","men"," 50","breast"," 5","Kosuke KITAJIMA","Japan","JPN","28.10","0.44","men 50"
"2007","men"," 50","breast"," 6","Michael MALUL","Israel","ISR","28.19","0.53","men 50"
"2007","men"," 50","breast"," 7","Brenton RICKARD","Australia","AUS","28.24","0.58","men 50"
"2007","men"," 50","breast"," 8","Valeriy DYMO","Ukraine","UKR","28.27","0.61","men 50"
"2007","men"," 50","fly"," 1","Roland SCHOEMAN","South Africa","RSA","23.18","0.00","men 50"
"2007","men"," 50","fly"," 2","Ian CROCKER","United States","USA","23.47","0.29","men 50"
"2007","men"," 50","fly"," 3","Jakob Schiott ANDKJÆR","Denmark","DEN","23.56","0.38","men 50"
"2007","men"," 50","fly"," 4","Albert SUBIRATS ALTES","Venezuela","VEN","23.57","0.39","men 50"
"2007","men"," 50","fly"," 5","Sergiy BREUS","Ukraine","UKR","23.61","0.43","men 50"
"2007","men"," 50","fly"," 6","Milorad CAVIC","Serbia","SRB","23.70","0.52","men 50"
"2007","men"," 50","fly"," 7","Lars FROLANDER","Sweden","SWE","23.86","0.68","men 50"
"2007","men"," 50","fly"," 8","Peter MANKOC","Slovenia","SLO","24.14","0.96","men 50"
"2007","men"," 50","free"," 1","Benjamin WILDMAN-TOBRINER","United States","USA","21.88","0.00","men 50"
"2007","men"," 50","free"," 2","Cullen JONES","United States","USA","21.94","0.06","men 50"
"2007","men"," 50","free"," 3","Stefan NYSTRAND","Sweden","SWE","21.97","0.09","men 50"
"2007","men"," 50","free"," 4","Bartosz KIZIEROWSKI","Poland","POL","22.00","0.12","men 50"
"2007","men"," 50","free"," 5","Eamon SULLIVAN","Australia","AUS","22.05","0.17","men 50"
"2007","men"," 50","free"," 6","Cesar CIELO FILHO","Brazil","BRA","22.12","0.24","men 50"
"2007","men"," 50","free"," 7","Roland SCHOEMAN","South Africa","RSA","22.16","0.28","men 50"
"2007","men"," 50","free"," 8","Brent HAYDEN","Canada","CAN","22.28","0.40","men 50"
"2007","men","100","back"," 1","Aaron PEIRSOL","United States","USA","52.98","0.00","men 100"
"2007","men","100","back"," 2","Ryan LOCHTE","United States","USA","53.50","0.52","men 100"
"2007","men","100","back"," 3","Liam TANCOCK","Great Britain","GBR","53.61","0.63","men 100"
"2007","men","100","back"," 4","Arkady VYATCHANIN","Russia","RUS","53.69","0.71","men 100"
"2007","men","100","back"," 5","Markus ROGAN","Austria","AUT","53.78","0.80","men 100"
"2007","men","100","back"," 6","Gerhard ZANDBERG","South Africa","RSA","54.59","1.61","men 100"
"2007","men","100","back"," 7","Matt WELSH","Australia","AUS","54.65","1.67","men 100"
"2007","men","100","back"," 8","Tomomi MORITA","Japan","JPN","55.04","2.06","men 100"
"2007","men","100","breast"," 1","Brendan HANSEN","United States","USA","59.80","0.00","men 100"
"2007","men","100","breast"," 2","Kosuke KITAJIMA","Japan","JPN","59.96","0.16","men 100"
"2007","men","100","breast"," 3","Brenton RICKARD","Australia","AUS","60.58","0.78","men 100"
"2007","men","100","breast"," 4","Valeriy DYMO","Ukraine","UKR","60.60","0.80","men 100"
"2007","men","100","breast"," 5","Oleg LISOGOR","Ukraine","UKR","60.83","1.03","men 100"
"2007","men","100","breast"," 6","Mihail ALEXANDROV","Bulgaria","BUL","61.17","1.37","men 100"
"2007","men","100","breast"," 7","Dmitry KOMORNIKOV","Russia","RUS","61.24","1.44","men 100"
"2007","men","100","breast"," 8","Alexander DALE OEN","Norway","NOR","61.67","1.87","men 100"
"2007","men","100","fly"," 1","Michael PHELPS","United States","USA","50.77","0.00","men 100"
"2007","men","100","fly"," 2","Ian CROCKER","United States","USA","50.82","0.05","men 100"
"2007","men","100","fly"," 3","Albert SUBIRATS ALTES","Venezuela","VEN","51.82","1.05","men 100"
"2007","men","100","fly"," 4","Lyndon FERNS","South Africa","RSA","52.03","1.26","men 100"
"2007","men","100","fly"," 5","Andriy SERDINOV","Ukraine","UKR","52.23","1.46","men 100"
"2007","men","100","fly"," 6","Milorad CAVIC","Serbia","SRB","52.53","1.76","men 100"
"2007","men","100","fly"," 7","Nikolay SKVORTSOV","Russia","RUS","52.54","1.77","men 100"
"2007","men","100","fly"," 8","Jason DUNFORD","Kenya","KEN","52.70","1.93","men 100"
"2007","men","100","free"," 1","Filippo MAGNINI","Italy","ITA","48.43","0.00","men 100"
"2007","men","100","free"," 1","Brent HAYDEN","Canada","CAN","48.43","0.00","men 100"
"2007","men","100","free"," 3","Eamon SULLIVAN","Australia","AUS","48.47","0.04","men 100"
"2007","men","100","free"," 4","Cesar CIELO FILHO","Brazil","BRA","48.51","0.08","men 100"
"2007","men","100","free"," 5","Jason LEZAK","United States","USA","48.52","0.09","men 100"
"2007","men","100","free"," 6","Pieter VAN DEN HOOGENBAND","Netherlands","NED","48.63","0.20","men 100"
"2007","men","100","free"," 7","Roland SCHOEMAN","South Africa","RSA","48.72","0.29","men 100"
"2007","men","100","free"," 8","Ryk NEETHLING","South Africa","RSA","48.81","0.38","men 100"
"2007","women"," 50","back"," 1","Leila VAZIRI","United States","USA","28.16","0.00","women 50"
"2007","women"," 50","back"," 2","Aliaksandra HERASIMENIA","Belarus","BLR","28.46","0.30","women 50"
"2007","women"," 50","back"," 3","Tayliah ZIMMER","Australia","AUS","28.50","0.34","women 50"
"2007","women"," 50","back"," 4","Jing ZHAO","China","CHN","28.54","0.38","women 50"
"2007","women"," 50","back"," 5","Reiko NAKAMURA","Japan","JPN","28.64","0.48","women 50"
"2007","women"," 50","back"," 6","Chang GAO","China","CHN","28.70","0.54","women 50"
"2007","women"," 50","back"," 7","Mai NAKAMURA","Japan","JPN","28.86","0.70","women 50"
"2007","women"," 50","back"," 8","Janine PIETSCH","Germany","GER","28.87","0.71","women 50"
"2007","women"," 50","breast"," 1","Jessica HARDY","United States","USA","30.63","0.00","women 50"
"2007","women"," 50","breast"," 2","Leisel JONES","Australia","AUS","30.70","0.07","women 50"
"2007","women"," 50","breast"," 3","Tara KIRK","United States","USA","31.05","0.42","women 50"
"2007","women"," 50","breast"," 4","Tarnee WHITE","Australia","AUS","31.14","0.51","women 50"
"2007","women"," 50","breast"," 5","Janne SCHÄFER","Germany","GER","31.35","0.72","women 50"
"2007","women"," 50","breast"," 6","Zoe BAKER","New Zealand","NZL","31.79","1.16","women 50"
"2007","women"," 50","breast"," 7","Kate HAYWOOD","Great Britain","GBR","31.82","1.19","women 50"
"2007","women"," 50","breast"," 8","Rebecca EJDERVIK","Sweden","SWE","31.86","1.23","women 50"
"2007","women"," 50","fly"," 1","Therese ALSHAMMAR","Sweden","SWE","25.91","0.00","women 50"
"2007","women"," 50","fly"," 2","Danni MIATKE","Australia","AUS","26.05","0.14","women 50"
"2007","women"," 50","fly"," 3","Inge DEKKER","Netherlands","NED","26.11","0.20","women 50"
"2007","women"," 50","fly"," 4","Anna-Karin KAMMERLING","Sweden","SWE","26.32","0.41","women 50"
"2007","women"," 50","fly"," 5","Rachel KOMISARZ","United States","USA","26.41","0.50","women 50"
"2007","women"," 50","fly"," 6","Fabienne NADARAJAH","Austria","AUT","26.77","0.86","women 50"
"2007","women"," 50","fly"," 7","Li TAO","Singapore","SIN","26.80","0.89","women 50"
"2007","women"," 50","fly"," 8","Yafei ZHOU","China","CHN","27.06","1.15","women 50"
"2007","women"," 50","free"," 1","Lisbeth LENTON","Australia","AUS","24.53","0.00","women 50"
"2007","women"," 50","free"," 2","Therese ALSHAMMAR","Sweden","SWE","24.62","0.09","women 50"
"2007","women"," 50","free"," 3","Marleen VELDHUIS","Netherlands","NED","24.70","0.17","women 50"
"2007","women"," 50","free"," 4","Britta STEFFEN","Germany","GER","24.79","0.26","women 50"
"2007","women"," 50","free"," 5","Kara Lynn JOYCE","United States","USA","24.83","0.30","women 50"
"2007","women"," 50","free"," 6","Jodie HENRY","Australia","AUS","24.96","0.43","women 50"
"2007","women"," 50","free"," 7","Malia METELLA","France","FRA","25.02","0.49","women 50"
"2007","women"," 50","free"," 8","Natalie COUGHLIN","United States","USA","25.31","0.78","women 50"
"2007","women","100","back"," 1","Natalie COUGHLIN","United States","USA","59.44","0.00","women 100"
"2007","women","100","back"," 2","Laure MANAUDOU","France","FRA","59.87","0.43","women 100"
"2007","women","100","back"," 3","Reiko NAKAMURA","Japan","JPN","60.40","0.96","women 100"
"2007","women","100","back"," 4","Emily SEEBOHM","Australia","AUS","60.52","1.08","women 100"
"2007","women","100","back"," 5","Hanae ITO","Japan","JPN","60.63","1.19","women 100"
"2007","women","100","back"," 6","Iryna AMSHENNIKOVA","Ukraine","UKR","60.79","1.35","women 100"
"2007","women","100","back"," 7","Anastasia ZUEVA","Russia","RUS","61.38","1.94","women 100"
"2007","women","100","back"," 8","Tayliah ZIMMER","Australia","AUS","62.68","3.24","women 100"
"2007","women","100","breast"," 1","Leisel JONES","Australia","AUS","65.72","0.00","women 100"
"2007","women","100","breast"," 2","Tara KIRK","United States","USA","66.34","0.62","women 100"
"2007","women","100","breast"," 3","Anna KHLISTUNOVA","Ukraine","UKR","67.27","1.55","women 100"
"2007","women","100","breast"," 4","Jessica HARDY","United States","USA","67.38","1.66","women 100"
"2007","women","100","breast"," 5","Kirsty BALFOUR","Great Britain","GBR","68.05","2.33","women 100"
"2007","women","100","breast"," 6","Tarnee WHITE","Australia","AUS","68.55","2.83","women 100"
"2007","women","100","breast"," 7","Kate HAYWOOD","Great Britain","GBR","68.72","3.00","women 100"
"2007","women","100","breast"," 8","Elena BOGOMAZOVA","Russia","RUS","68.96","3.24","women 100"
"2007","women","100","fly"," 1","Lisbeth LENTON","Australia","AUS","57.15","0.00","women 100"
"2007","women","100","fly"," 2","Jessicah SCHIPPER","Australia","AUS","57.24","0.09","women 100"
"2007","women","100","fly"," 3","Natalie COUGHLIN","United States","USA","57.34","0.19","women 100"
"2007","women","100","fly"," 4","Inge DEKKER","Netherlands","NED","58.30","1.15","women 100"
"2007","women","100","fly"," 5","Rachel KOMISARZ","United States","USA","58.34","1.19","women 100"
"2007","women","100","fly"," 6","Alena POPCHANKA","France","FRA","58.73","1.58","women 100"
"2007","women","100","fly"," 7","Yafei ZHOU","China","CHN","58.76","1.61","women 100"
"2007","women","100","fly"," 8","Yanwei XU","China","CHN","59.22","2.07","women 100"
"2007","women","100","free"," 1","Lisbeth LENTON","Australia","AUS","53.40","0.00","women 100"
"2007","women","100","free"," 2","Marleen VELDHUIS","Netherlands","NED","53.70","0.30","women 100"
"2007","women","100","free"," 3","Britta STEFFEN","Germany","GER","53.74","0.34","women 100"
"2007","women","100","free"," 4","Natalie COUGHLIN","United States","USA","53.87","0.47","women 100"
"2007","women","100","free"," 5","Erica MORNINGSTAR","Canada","CAN","54.10","0.70","women 100"
"2007","women","100","free"," 6","Jodie HENRY","Australia","AUS","54.21","0.81","women 100"
"2007","women","100","free"," 7","Josefin LILLHAGE","Sweden","SWE","54.67","1.27","women 100"
"2007","women","100","free"," 8","Malia METELLA","France","FRA","54.77","1.37","women 100"
"2009","men"," 50","back"," 1","Liam TANCOCK","Great Britain","GBR","24.04","0.00","men 50"
"2009","men"," 50","back"," 2","Junya KOGA","Japan","JPN","24.24","0.20","men 50"
"2009","men"," 50","back"," 3","Gerhard ZANDBERG","South Africa","RSA","24.34","0.30","men 50"
"2009","men"," 50","back"," 4","Aschwin WILDEBOER","Spain","ESP","24.57","0.53","men 50"
"2009","men"," 50","back"," 5","Camille LACOURT","France","FRA","24.61","0.57","men 50"
"2009","men"," 50","back"," 6","Helge MEEUW","Germany","GER","24.63","0.59","men 50"
"2009","men"," 50","back"," 7","Aristeidis GRIGORIADIS","Greece","GRE","24.87","0.83","men 50"
"2009","men"," 50","back"," 8","Mirco DI TORA","Italy","ITA","25.15","1.11","men 50"
"2009","men"," 50","breast"," 1","Cameron VAN DER BURGH","South Africa","RSA","26.67","0.00","men 50"
"2009","men"," 50","breast"," 2","Felipe Alves FRANÇA DA SILVA","Brazil","BRA","26.76","0.09","men 50"
"2009","men"," 50","breast"," 3","Mark GANGLOFF","United States","USA","26.86","0.19","men 50"
"2009","men"," 50","breast"," 4","Hendrik FELDWEHR","Germany","GER","26.95","0.28","men 50"
"2009","men"," 50","breast"," 4","Brenton RICKARD","Australia","AUS","26.95","0.28","men 50"
"2009","men"," 50","breast"," 6","Matjaz MARKIC","Slovenia","SLO","27.10","0.43","men 50"
"2009","men"," 50","breast"," 7","Emil TAHIROVIC","Slovenia","SLO","27.31","0.64","men 50"
"2009","men"," 50","breast"," 7","Joao GOMES JR","Brazil","BRA","27.31","0.64","men 50"
"2009","men"," 50","fly"," 1","Milorad CAVIC","Serbia","SRB","22.67","0.00","men 50"
"2009","men"," 50","fly"," 2","Matthew TARGETT","Australia","AUS","22.73","0.06","men 50"
"2009","men"," 50","fly"," 3","Rafael MUNOZ","Spain","ESP","22.88","0.21","men 50"
"2009","men"," 50","fly"," 4","Jakob Schiott ANDKJÆR","Denmark","DEN","22.93","0.26","men 50"
"2009","men"," 50","fly"," 5","Nicholas SANTOS","Brazil","BRA","23.00","0.33","men 50"
"2009","men"," 50","fly"," 6","Jason DUNFORD","Kenya","KEN","23.04","0.37","men 50"
"2009","men"," 50","fly"," 7","Albert SUBIRATS","Venezuela","VEN","23.07","0.40","men 50"
"2009","men"," 50","fly"," 8","Duje DRAGANJA","Croatia","CRO","23.10","0.43","men 50"
"2009","men"," 50","free"," 1","Cesar CIELO FILHO","Brazil","BRA","21.08","0.00","men 50"
"2009","men"," 50","free"," 2","Frederick BOUSQUET","France","FRA","21.21","0.13","men 50"
"2009","men"," 50","free"," 3","Amaury LEVEAUX","France","FRA","21.25","0.17","men 50"
"2009","men"," 50","free"," 4","Duje DRAGANJA","Croatia","CRO","21.38","0.30","men 50"
"2009","men"," 50","free"," 5","Cullen JONES","United States","USA","21.47","0.39","men 50"
"2009","men"," 50","free"," 6","Nathan ADRIAN","United States","USA","21.49","0.41","men 50"
"2009","men"," 50","free"," 7","George BOVELL III","Trinidad and Tobago","TRI","21.51","0.43","men 50"
"2009","men"," 50","free"," 8","Stefan NYSTRAND","Sweden","SWE","21.53","0.45","men 50"
"2009","men","100","back"," 1","Junya KOGA","Japan","JPN","52.26","0.00","men 100"
"2009","men","100","back"," 2","Helge MEEUW","Germany","GER","52.54","0.28","men 100"
"2009","men","100","back"," 3","Aschwin WILDEBOER","Spain","ESP","52.64","0.38","men 100"
"2009","men","100","back"," 4","Ryosuke IRIE","Japan","JPN","52.73","0.47","men 100"
"2009","men","100","back"," 4","Liam TANCOCK","Great Britain","GBR","52.73","0.47","men 100"
"2009","men","100","back"," 6","Arkady VYATCHANIN","Russia","RUS","52.87","0.61","men 100"
"2009","men","100","back"," 7","Mattew GREVERS","United States","USA","53.14","0.88","men 100"
"2009","men","100","back"," 8","Aristeidis GRIGORIADIS","Greece","GRE","53.43","1.17","men 100"
"2009","men","100","breast"," 1","Brenton RICKARD","Australia","AUS","58.58","0.00","men 100"
"2009","men","100","breast"," 2","Hugues DUBOSCQ","France","FRA","58.64","0.06","men 100"
"2009","men","100","breast"," 3","Cameron VAN DER BURGH","South Africa","RSA","58.95","0.37","men 100"
"2009","men","100","breast"," 4","Eric SHANTEAU","United States","USA","58.98","0.40","men 100"
"2009","men","100","breast"," 5","Igor BORYSIK","Ukraine","UKR","59.23","0.65","men 100"
"2009","men","100","breast"," 6","Giedrius TITENIS","Lithuania","LTU","59.27","0.69","men 100"
"2009","men","100","breast"," 7","Hendrik FELDWEHR","Germany","GER","59.33","0.75","men 100"
"2009","men","100","breast"," 8","Henrique BARBOSA","Brazil","BRA","59.54","0.96","men 100"
"2009","men","100","fly"," 1","Michael PHELPS","United States","USA","49.82","0.00","men 100"
"2009","men","100","fly"," 2","Milorad CAVIC","Serbia","SRB","49.95","0.13","men 100"
"2009","men","100","fly"," 3","Rafael MUNOZ","Spain","ESP","50.41","0.59","men 100"
"2009","men","100","fly"," 4","Albert SUBIRATS","Venezuela","VEN","50.79","0.97","men 100"
"2009","men","100","fly"," 5","Andrew LAUTERSTEIN","Australia","AUS","50.85","1.03","men 100"
"2009","men","100","fly"," 6","Jason DUNFORD","Kenya","KEN","51.07","1.25","men 100"
"2009","men","100","fly"," 7","Tyler MCGILL","United States","USA","51.42","1.60","men 100"
"2009","men","100","fly"," 8","Gabriel MANGABEIRA","Brazil","BRA","51.74","1.92","men 100"
"2009","men","100","free"," 1","Cesar CIELO FILHO","Brazil","BRA","46.91","0.00","men 100"
"2009","men","100","free"," 2","Alain BERNARD","France","FRA","47.12","0.21","men 100"
"2009","men","100","free"," 3","Frederick BOUSQUET","France","FRA","47.25","0.34","men 100"
"2009","men","100","free"," 4","Brent HAYDEN","Canada","CAN","47.27","0.36","men 100"
"2009","men","100","free"," 5","David WALTERS","United States","USA","47.33","0.42","men 100"
"2009","men","100","free"," 6","Stefan NYSTRAND","Sweden","SWE","47.37","0.46","men 100"
"2009","men","100","free"," 7","Lyndon FERNS","South Africa","RSA","47.94","1.03","men 100"
"2009","men","100","free"," 8","Nicolas OLIVEIRA","Brazil","BRA","48.01","1.10","men 100"
"2009","women"," 50","back"," 1","Jing ZHAO","China","CHN","27.06","0.00","women 50"
"2009","women"," 50","back"," 2","Daniela SAMULSKI","Germany","GER","27.23","0.17","women 50"
"2009","women"," 50","back"," 3","Chang GAO","China","CHN","27.28","0.22","women 50"
"2009","women"," 50","back"," 4","Anastasia ZUEVA","Russia","RUS","27.31","0.25","women 50"
"2009","women"," 50","back"," 5","Aleksandra GERASIMENYA","Belarus","BLR","27.62","0.56","women 50"
"2009","women"," 50","back"," 6","Sophie EDINGTON","Australia","AUS","27.73","0.67","women 50"
"2009","women"," 50","back"," 7","Emily SEEBOHM","Australia","AUS","27.83","0.77","women 50"
"2009","women"," 50","back"," 8","Fabiola MOLINA","Brazil","BRA","27.88","0.82","women 50"
"2009","women"," 50","breast"," 1","Yuliya EFIMOVA","Russia","RUS","30.09","0.00","women 50"
"2009","women"," 50","breast"," 2","Rebecca SONI","United States","USA","30.11","0.02","women 50"
"2009","women"," 50","breast"," 3","Sarah KATSOULIS","Australia","AUS","30.16","0.07","women 50"
"2009","women"," 50","breast"," 4","Moniek NIJHUIS","Netherlands","NED","30.46","0.37","women 50"
"2009","women"," 50","breast"," 5","Annamay PIERSE","Canada","CAN","30.53","0.44","women 50"
"2009","women"," 50","breast"," 6","Kasey CARLSON","United States","USA","30.65","0.56","women 50"
"2009","women"," 50","breast"," 7","Amanda REASON","Canada","CAN","30.67","0.58","women 50"
"2009","women"," 50","breast"," 8","Tarnee WHITE","Australia","AUS","30.91","0.82","women 50"
"2009","women"," 50","fly"," 1","Marieke GUEHRER","Australia","AUS","25.48","0.00","women 50"
"2009","women"," 50","fly"," 2","Yafei ZHOU","China","CHN","25.57","0.09","women 50"
"2009","women"," 50","fly"," 3","Ingvild SNILDAL","Norway","NOR","25.58","0.10","women 50"
"2009","women"," 50","fly"," 4","Therese ALSHAMMAR","Sweden","SWE","25.59","0.11","women 50"
"2009","women"," 50","fly"," 5","Magdalena VELDHUIS","Netherlands","NED","25.63","0.15","women 50"
"2009","women"," 50","fly"," 6","Sarah SJÖSTRÖM","Sweden","SWE","25.66","0.18","women 50"
"2009","women"," 50","fly"," 7","Diane BUI DUYET","France","FRA","25.92","0.44","women 50"
"2009","women"," 50","fly"," 8","Daynara DE PAULA","Brazil","BRA","26.12","0.64","women 50"
"2009","women"," 50","free"," 1","Britta STEFFEN","Germany","GER","23.73","0.00","women 50"
"2009","women"," 50","free"," 2","Therese ALSHAMMAR","Sweden","SWE","23.88","0.15","women 50"
"2009","women"," 50","free"," 3","Cate CAMPBELL","Australia","AUS","23.99","0.26","women 50"
"2009","women"," 50","free"," 3","Magdalena VELDHUIS","Netherlands","NED","23.99","0.26","women 50"
"2009","women"," 50","free"," 5","Fran HALSALL","Great Britain","GBR","24.11","0.38","women 50"
"2009","women"," 50","free"," 6","Lisbeth TRICKETT","Australia","AUS","24.19","0.46","women 50"
"2009","women"," 50","free"," 7","Amanda WEIR","United States","USA","24.23","0.50","women 50"
"2009","women"," 50","free"," 8","Dara TORRES","United States","USA","24.48","0.75","women 50"
"2009","women","100","back"," 1","Gemma SPOFFORTH","Great Britain","GBR","58.12","0.00","women 100"
"2009","women","100","back"," 2","Anastasia ZUEVA","Russia","RUS","58.18","0.06","women 100"
"2009","women","100","back"," 3","Emily SEEBOHM","Australia","AUS","58.88","0.76","women 100"
"2009","women","100","back"," 4","Shiho SAKAI","Japan","JPN","59.14","1.02","women 100"
"2009","women","100","back"," 5","Jing ZHAO","China","CHN","59.28","1.16","women 100"
"2009","women","100","back"," 6","Hayley MCGREGORY","United States","USA","59.42","1.30","women 100"
"2009","women","100","back"," 7","Elizabeth SIMMONDS","Great Britain","GBR","59.71","1.59","women 100"
"2009","women","100","back"," 8","Kirsty COVENTRY","Zimbabwe","ZIM","59.74","1.62","women 100"
"2009","women","100","breast"," 1","Rebecca SONI","United States","USA","64.93","0.00","women 100"
"2009","women","100","breast"," 2","Yuliya EFIMOVA","Russia","RUS","65.41","0.48","women 100"
"2009","women","100","breast"," 3","Kasey CARLSON","United States","USA","65.75","0.82","women 100"
"2009","women","100","breast"," 4","Sarah KATSOULIS","Australia","AUS","65.86","0.93","women 100"
"2009","women","100","breast"," 5","Annamay PIERSE","Canada","CAN","66.37","1.44","women 100"
"2009","women","100","breast"," 6","Rikke MØLLER PEDERSEN","Denmark","DEN","66.38","1.45","women 100"
"2009","women","100","breast"," 7","Mirna JUKIC","Austria","AUT","66.75","1.82","women 100"
"2009","women","100","breast"," 8","Sarah POEWE","Germany","GER","67.01","2.08","women 100"
"2009","women","100","fly"," 1","Sarah SJÖSTRÖM","Sweden","SWE","56.06","0.00","women 100"
"2009","women","100","fly"," 2","Jessicah SCHIPPER","Australia","AUS","56.23","0.17","women 100"
"2009","women","100","fly"," 3","Liuyang JIAO","China","CHN","56.86","0.80","women 100"
"2009","women","100","fly"," 4","Aurore MONGEL","France","FRA","56.89","0.83","women 100"
"2009","women","100","fly"," 5","Gabriella SILVA","Brazil","BRA","56.94","0.88","women 100"
"2009","women","100","fly"," 5","Dana VOLLMER","United States","USA","56.94","0.88","women 100"
"2009","women","100","fly"," 7","Ingvild SNILDAL","Norway","NOR","56.96","0.90","women 100"
"2009","women","100","fly"," 8","Magdalena VELDHUIS","Netherlands","NED","57.79","1.73","women 100"
"2009","women","100","free"," 1","Britta STEFFEN","Germany","GER","52.07","0.00","women 100"
"2009","women","100","free"," 2","Fran HALSALL","Great Britain","GBR","52.87","0.80","women 100"
"2009","women","100","free"," 3","Lisbeth TRICKETT","Australia","AUS","52.93","0.86","women 100"
"2009","women","100","free"," 4","Amanda WEIR","United States","USA","53.12","1.05","women 100"
"2009","women","100","free"," 5","Dana VOLLMER","United States","USA","53.30","1.23","women 100"
"2009","women","100","free"," 6","Ranomi KROMOWIDJOJO","Netherlands","NED","53.37","1.30","women 100"
"2009","women","100","free"," 7","Jeanette OTTESEN","Denmark","DEN","53.70","1.63","women 100"
"2009","women","100","free"," 8","Evelyn VERRASZTO","Hungary","HUN","53.92","1.85","women 100"
"2011","men"," 50","back"," 1","Liam TANCOCK","Great Britain","GBR","24.50","0.00","men 50"
"2011","men"," 50","back"," 2","Camille LACOURT","France","FRA","24.57","0.07","men 50"
"2011","men"," 50","back"," 3","Gerhard ZANDBERG","South Africa","RSA","24.66","0.16","men 50"
"2011","men"," 50","back"," 4","Aschwin WILDEBOER FABER","Spain","ESP","24.82","0.32","men 50"
"2011","men"," 50","back"," 5","David PLUMMER","United States","USA","24.92","0.42","men 50"
"2011","men"," 50","back"," 6","Nicholas THOMAN","United States","USA","25.01","0.51","men 50"
"2011","men"," 50","back"," 6","Guy BARNEA","Israel","ISR","25.01","0.51","men 50"
"2011","men"," 50","back"," 8","Flori LANG","Switzerland","SUI","25.15","0.65","men 50"
"2011","men"," 50","breast"," 1","Felipe Alves FRANÇA DA SILVA","Brazil","BRA","27.01","0.00","men 50"
"2011","men"," 50","breast"," 2","Fabio SCOZZOLI","Italy","ITA","27.17","0.16","men 50"
"2011","men"," 50","breast"," 3","Cameron VAN DER BURGH","South Africa","RSA","27.19","0.18","men 50"
"2011","men"," 50","breast"," 4","Hendrik FELDWEHR","Germany","GER","27.41","0.40","men 50"
"2011","men"," 50","breast"," 5","Alexander DALE OEN","Norway","NOR","27.43","0.42","men 50"
"2011","men"," 50","breast"," 6","Mark GANGLOFF","United States","USA","27.58","0.57","men 50"
"2011","men"," 50","breast"," 7","Lennart STEKELENBURG","Netherlands","NED","27.65","0.64","men 50"
"2011","men"," 50","breast"," 8","Damir DUGONJIC","Slovenia","SLO","28.00","0.99","men 50"
"2011","men"," 50","fly"," 1","Cesar CIELO FILHO","Brazil","BRA","23.10","0.00","men 50"
"2011","men"," 50","fly"," 2","Matthew TARGETT","Australia","AUS","23.28","0.18","men 50"
"2011","men"," 50","fly"," 3","Geoff HUEGILL","Australia","AUS","23.35","0.25","men 50"
"2011","men"," 50","fly"," 4","Frederick BOUSQUET","France","FRA","23.38","0.28","men 50"
"2011","men"," 50","fly"," 5","Florent MANAUDOU","France","FRA","23.49","0.39","men 50"
"2011","men"," 50","fly"," 6","Steffen DEIBLER","Germany","GER","23.55","0.45","men 50"
"2011","men"," 50","fly"," 7","Jason DUNFORD","Kenya","KEN","23.60","0.50","men 50"
"2011","men"," 50","fly"," 8","Andriy GOVOROV","Ukraine","UKR","23.64","0.54","men 50"
"2011","men"," 50","free"," 1","Cesar CIELO FILHO","Brazil","BRA","21.52","0.00","men 50"
"2011","men"," 50","free"," 2","Luca DOTTO","Italy","ITA","21.90","0.38","men 50"
"2011","men"," 50","free"," 3","Alain BERNARD","France","FRA","21.92","0.40","men 50"
"2011","men"," 50","free"," 4","Nathan ADRIAN","United States","USA","21.93","0.41","men 50"
"2011","men"," 50","free"," 5","Bruno FRATUS","Brazil","BRA","21.96","0.44","men 50"
"2011","men"," 50","free"," 6","Krisztian TAKACS","Hungary","HUN","21.99","0.47","men 50"
"2011","men"," 50","free"," 7","George BOVELL","Trinidad and Tobago","TRI","22.04","0.52","men 50"
"2011","men"," 50","free"," 8","Gideon LOUW","South Africa","RSA","22.11","0.59","men 50"
"2011","men","100","back"," 1","Camille LACOURT","France","FRA","52.76","0.00","men 100"
"2011","men","100","back"," 1","Jeremy STRAVIUS","France","FRA","52.76","0.00","men 100"
"2011","men","100","back"," 3","Ryosuke IRIE","Japan","JPN","52.98","0.22","men 100"
"2011","men","100","back"," 4","Nicholas THOMAN","United States","USA","53.01","0.25","men 100"
"2011","men","100","back"," 5","David PLUMMER","United States","USA","53.04","0.28","men 100"
"2011","men","100","back"," 6","Liam TANCOCK","Great Britain","GBR","53.25","0.49","men 100"
"2011","men","100","back"," 7","Helge MEEUW","Germany","GER","53.28","0.52","men 100"
"2011","men","100","back"," 8","Gareth KEAN","New Zealand","NZL","53.50","0.74","men 100"
"2011","men","100","breast"," 1","Alexander DALE OEN","Norway","NOR","58.71","0.00","men 100"
"2011","men","100","breast"," 2","Fabio SCOZZOLI","Italy","ITA","59.42","0.71","men 100"
"2011","men","100","breast"," 3","Cameron VAN DER BURGH","South Africa","RSA","59.49","0.78","men 100"
"2011","men","100","breast"," 4","Kosuke KITAJIMA","Japan","JPN","60.03","1.32","men 100"
"2011","men","100","breast"," 5","Brenton RICKARD","Australia","AUS","60.11","1.40","men 100"
"2011","men","100","breast"," 6","Daniel GYURTA","Hungary","HUN","60.25","1.54","men 100"
"2011","men","100","breast"," 6","Giedrius TITENIS","Lithuania","LTU","60.25","1.54","men 100"
"2011","men","100","breast"," 8","Mark GANGLOFF","United States","USA","60.52","1.81","men 100"
"2011","men","100","fly"," 1","Michael PHELPS","United States","USA","50.71","0.00","men 100"
"2011","men","100","fly"," 2","Konrad CZERNIAK","Poland","POL","51.15","0.44","men 100"
"2011","men","100","fly"," 3","Tyler MCGILL","United States","USA","51.26","0.55","men 100"
"2011","men","100","fly"," 4","Jason DUNFORD","Kenya","KEN","51.59","0.88","men 100"
"2011","men","100","fly"," 5","Takuro FUJII","Japan","JPN","51.75","1.04","men 100"
"2011","men","100","fly"," 6","Evgeny KOROTYSHKIN","Russia","RUS","51.86","1.15","men 100"
"2011","men","100","fly"," 7","Joeri VERLINDEN","Netherlands","NED","52.21","1.50","men 100"
"2011","men","100","fly"," 8","Geoff HUEGILL","Australia","AUS","52.36","1.65","men 100"
"2011","men","100","free"," 1","James MAGNUSSEN","Australia","AUS","47.63","0.00","men 100"
"2011","men","100","free"," 2","Brent HAYDEN","Canada","CAN","47.95","0.32","men 100"
"2011","men","100","free"," 3","William MEYNARD","France","FRA","48.00","0.37","men 100"
"2011","men","100","free"," 4","Cesar CIELO FILHO","Brazil","BRA","48.01","0.38","men 100"
"2011","men","100","free"," 5","Fabien GILOT","France","FRA","48.13","0.50","men 100"
"2011","men","100","free"," 6","Nathan ADRIAN","United States","USA","48.23","0.60","men 100"
"2011","men","100","free"," 7","Luca DOTTO","Italy","ITA","48.24","0.61","men 100"
"2011","men","100","free"," 8","Sebastiaan VERSCHUREN","Netherlands","NED","48.27","0.64","men 100"
"2011","women"," 50","back"," 1","Anastasia ZUEVA","Russia","RUS","27.79","0.00","women 50"
"2011","women"," 50","back"," 2","Aya TERAKAWA","Japan","JPN","27.93","0.14","women 50"
"2011","women"," 50","back"," 3","Melissa FRANKLIN","United States","USA","28.01","0.22","women 50"
"2011","women"," 50","back"," 4","Chang GAO","China","CHN","28.06","0.27","women 50"
"2011","women"," 50","back"," 5","Emily SEEBOHM","Australia","AUS","28.07","0.28","women 50"
"2011","women"," 50","back"," 6","Julia WILKINSON","Canada","CAN","28.09","0.30","women 50"
"2011","women"," 50","back"," 6","Aliaksandra HERASIMENIA","Belarus","BLR","28.09","0.30","women 50"
"2011","women"," 50","back"," 8","Mercedes PERIS MINGUET","Spain","ESP","28.42","0.63","women 50"
"2011","women"," 50","breast"," 1","Jessica HARDY","United States","USA","30.19","0.00","women 50"
"2011","women"," 50","breast"," 2","Yuliya EFIMOVA","Russia","RUS","30.49","0.30","women 50"
"2011","women"," 50","breast"," 3","Rebecca SONI","United States","USA","30.58","0.39","women 50"
"2011","women"," 50","breast"," 4","Leiston PICKETT","Australia","AUS","30.74","0.55","women 50"
"2011","women"," 50","breast"," 5","Jennie JOHANSSON","Sweden","SWE","30.89","0.70","women 50"
"2011","women"," 50","breast"," 6","Leisel JONES","Australia","AUS","31.01","0.82","women 50"
"2011","women"," 50","breast"," 7","Moniek NIJHUIS","Netherlands","NED","31.33","1.14","women 50"
"2011","women"," 50","breast"," 8","Rebecca EJDERVIK","Sweden","SWE","31.45","1.26","women 50"
"2011","women"," 50","fly"," 1","Inge DEKKER","Netherlands","NED","25.71","0.00","women 50"
"2011","women"," 50","fly"," 2","Therese ALSHAMMAR","Sweden","SWE","25.76","0.05","women 50"
"2011","women"," 50","fly"," 3","Melanie HENIQUE","France","FRA","25.86","0.15","women 50"
"2011","women"," 50","fly"," 4","Ying LU","China","CHN","25.87","0.16","women 50"
"2011","women"," 50","fly"," 4","Sarah SJÖSTRÖM","Sweden","SWE","25.87","0.16","women 50"
"2011","women"," 50","fly"," 6","Yuka KATO","Japan","JPN","26.02","0.31","women 50"
"2011","women"," 50","fly"," 7","Dana VOLLMER","United States","USA","26.06","0.35","women 50"
"2011","women"," 50","fly"," 8","Marieke GUEHRER","Australia","AUS","26.21","0.50","women 50"
"2011","women"," 50","free"," 1","Therese ALSHAMMAR","Sweden","SWE","24.14","0.00","women 50"
"2011","women"," 50","free"," 2","Ranomi KROMOWIDJOJO","Netherlands","NED","24.27","0.13","women 50"
"2011","women"," 50","free"," 3","Marleen VELDHUIS","Netherlands","NED","24.49","0.35","women 50"
"2011","women"," 50","free"," 4","Francesca HALSALL","Great Britain","GBR","24.60","0.46","women 50"
"2011","women"," 50","free"," 5","Aliaksandra HERASIMENIA","Belarus","BLR","24.65","0.51","women 50"
"2011","women"," 50","free"," 6","Jeanette OTTESEN","Denmark","DEN","24.67","0.53","women 50"
"2011","women"," 50","free"," 7","Arianna VANDERPOOL-WALLACE","Bahamas","BAH","24.79","0.65","women 50"
"2011","women"," 50","free"," 8","Jessica HARDY","United States","USA","24.87","0.73","women 50"
"2011","women","100","back"," 1","Jing ZHAO","China","CHN","59.05","0.00","women 100"
"2011","women","100","back"," 2","Anastasia ZUEVA","Russia","RUS","59.06","0.01","women 100"
"2011","women","100","back"," 3","Natalie COUGHLIN","United States","USA","59.15","0.10","women 100"
"2011","women","100","back"," 4","Emily SEEBOHM","Australia","AUS","59.21","0.16","women 100"
"2011","women","100","back"," 5","Aya TERAKAWA","Japan","JPN","59.35","0.30","women 100"
"2011","women","100","back"," 6","Belinda HOCKING","Australia","AUS","59.53","0.48","women 100"
"2011","women","100","back"," 7","Elizabeth SIMMONDS","Great Britain","GBR","59.89","0.84","women 100"
"2011","women","100","back"," 8","Sinead RUSSELL","Canada","CAN","60.20","1.15","women 100"
"2011","women","100","breast"," 1","Rebecca SONI","United States","USA","65.05","0.00","women 100"
"2011","women","100","breast"," 2","Leisel JONES","Australia","AUS","66.25","1.20","women 100"
"2011","women","100","breast"," 3","Liping JI","China","CHN","66.52","1.47","women 100"
"2011","women","100","breast"," 4","Yuliya EFIMOVA","Russia","RUS","66.56","1.51","women 100"
"2011","women","100","breast"," 5","Ye SUN","China","CHN","67.08","2.03","women 100"
"2011","women","100","breast"," 6","Rikke PEDERSEN","Denmark","DEN","67.28","2.23","women 100"
"2011","women","100","breast"," 7","Jillian TYLER","Canada","CAN","67.64","2.59","women 100"
"2011","women","100","breast"," 8","Moniek NIJHUIS","Netherlands","NED","67.97","2.92","women 100"
"2011","women","100","fly"," 1","Dana VOLLMER","United States","USA","56.87","0.00","women 100"
"2011","women","100","fly"," 2","Alicia COUTTS","Australia","AUS","56.94","0.07","women 100"
"2011","women","100","fly"," 3","Ying LU","China","CHN","57.06","0.19","women 100"
"2011","women","100","fly"," 4","Sarah SJÖSTRÖM","Sweden","SWE","57.38","0.51","women 100"
"2011","women","100","fly"," 5","Ellen GANDY","Great Britain","GBR","57.55","0.68","women 100"
"2011","women","100","fly"," 6","Zige LIU","China","CHN","57.57","0.70","women 100"
"2011","women","100","fly"," 7","Jessicah SCHIPPER","Australia","AUS","57.95","1.08","women 100"
"2011","women","100","fly"," 8","Jemma LOWE","Great Britain","GBR","57.96","1.09","women 100"
"2011","women","100","free"," 1","Jeanette OTTESEN","Denmark","DEN","53.45","0.00","women 100"
"2011","women","100","free"," 1","Aliaksandra HERASIMENIA","Belarus","BLR","53.45","0.00","women 100"
"2011","women","100","free"," 3","Ranomi KROMOWIDJOJO","Netherlands","NED","53.66","0.21","women 100"
"2011","women","100","free"," 4","Francesca HALSALL","Great Britain","GBR","53.72","0.27","women 100"
"2011","women","100","free"," 4","Femke HEEMSKERK","Netherlands","NED","53.72","0.27","women 100"
"2011","women","100","free"," 6","Alicia COUTTS","Australia","AUS","53.81","0.36","women 100"
"2011","women","100","free"," 7","Dana VOLLMER","United States","USA","54.19","0.74","women 100"
"2011","women","100","free"," 8","Natalie COUGHLIN","United States","USA","54.22","0.77","women 100"
"2013","men"," 50","back"," 1","Camille LACOURT","France","FRA","24.42","0.00","men 50"
"2013","men"," 50","back"," 2","Jeremy STRAVIUS","France","FRA","24.54","0.12","men 50"
"2013","men"," 50","back"," 2","Matt GREVERS","United States","USA","24.54","0.12","men 50"
"2013","men"," 50","back"," 4","Aschwin WILDEBOER FABER","Spain","ESP","24.58","0.16","men 50"
"2013","men"," 50","back"," 5","Xiaolei SUN","China","CHN","24.76","0.34","men 50"
"2013","men"," 50","back"," 6","Daniel ORZECHOWSKI","Brazil","BRA","24.87","0.45","men 50"
"2013","men"," 50","back"," 7","Guy Marcos BARNEA","Israel","ISR","25.14","0.72","men 50"
"2013","men"," 50","back"," 8","Jonatan Josef KOPELEV","Israel","ISR","25.19","0.77","men 50"
"2013","men"," 50","breast"," 1","Cameron VAN DER BURGH","South Africa","RSA","26.77","0.00","men 50"
"2013","men"," 50","breast"," 2","Christian SPRENGER","Australia","AUS","26.78","0.01","men 50"
"2013","men"," 50","breast"," 3","Giulio ZORZI","South Africa","RSA","27.04","0.27","men 50"
"2013","men"," 50","breast"," 4","Damir DUGONJIC","Slovenia","SLO","27.05","0.28","men 50"
"2013","men"," 50","breast"," 5","Joao GOMES JUNIOR","Brazil","BRA","27.20","0.43","men 50"
"2013","men"," 50","breast"," 6","Glenn SNYDERS","New Zealand","NZL","27.21","0.44","men 50"
"2013","men"," 50","breast"," 7","Johannes SKAGIUS","Sweden","SWE","27.48","0.71","men 50"
"2013","men"," 50","breast"," 8","Mattia PESCE","Italy","ITA","27.53","0.76","men 50"
"2013","men"," 50","fly"," 1","Cesar CIELO FILHO","Brazil","BRA","23.01","0.00","men 50"
"2013","men"," 50","fly"," 2","Eugene GODSOE","United States","USA","23.05","0.04","men 50"
"2013","men"," 50","fly"," 3","Frederick BOUSQUET","France","FRA","23.11","0.10","men 50"
"2013","men"," 50","fly"," 4","Nicholas SANTOS","Brazil","BRA","23.21","0.20","men 50"
"2013","men"," 50","fly"," 5","Andrii GOVOROV","Ukraine","UKR","23.22","0.21","men 50"
"2013","men"," 50","fly"," 6","Yauhen TSURKIN","Belarus","BLR","23.28","0.27","men 50"
"2013","men"," 50","fly"," 6","Steffen DEIBLER","Germany","GER","23.28","0.27","men 50"
"2013","men"," 50","fly"," 8","Florent MANAUDOU","France","FRA","23.35","0.34","men 50"
"2013","men"," 50","free"," 1","Cesar CIELO FILHO","Brazil","BRA","21.32","0.00","men 50"
"2013","men"," 50","free"," 2","Vladimir MOROZOV","Russia","RUS","21.47","0.15","men 50"
"2013","men"," 50","free"," 3","George Richard BOVELL","Trinidad and Tobago","TRI","21.51","0.19","men 50"
"2013","men"," 50","free"," 4","Nathan ADRIAN","United States","USA","21.60","0.28","men 50"
"2013","men"," 50","free"," 5","Florent MANAUDOU","France","FRA","21.64","0.32","men 50"
"2013","men"," 50","free"," 6","Anthony ERVIN","United States","USA","21.65","0.33","men 50"
"2013","men"," 50","free"," 7","Roland SCHOEMAN","South Africa","RSA","21.85","0.53","men 50"
"2013","men"," 50","free"," 8","Frederick BOUSQUET","France","FRA","21.93","0.61","men 50"
"2013","men","100","back"," 1","Matt GREVERS","United States","USA","52.93","0.00","men 100"
"2013","men","100","back"," 2","David PLUMMER","United States","USA","53.12","0.19","men 100"
"2013","men","100","back"," 3","Jeremy STRAVIUS","France","FRA","53.21","0.28","men 100"
"2013","men","100","back"," 4","Ryosuke IRIE","Japan","JPN","53.29","0.36","men 100"
"2013","men","100","back"," 5","Camille LACOURT","France","FRA","53.51","0.58","men 100"
"2013","men","100","back"," 6","Ashley DELANEY","Australia","AUS","53.55","0.62","men 100"
"2013","men","100","back"," 7","Kosuke HAGINO","Japan","JPN","53.93","1.00","men 100"
"2013","men","100","back"," 8","Gareth KEAN","New Zealand","NZL","54.25","1.32","men 100"
"2013","men","100","breast"," 1","Christian SPRENGER","Australia","AUS","58.79","0.00","men 100"
"2013","men","100","breast"," 2","Cameron VAN DER BURGH","South Africa","RSA","58.97","0.18","men 100"
"2013","men","100","breast"," 3","Felipe LIMA","Brazil","BRA","59.65","0.86","men 100"
"2013","men","100","breast"," 4","Damir DUGONJIC","Slovenia","SLO","59.68","0.89","men 100"
"2013","men","100","breast"," 5","Fabio SCOZZOLI","Italy","ITA","59.70","0.91","men 100"
"2013","men","100","breast"," 6","Kosuke KITAJIMA","Japan","JPN","59.98","1.19","men 100"
"2013","men","100","breast"," 7","Kevin CORDES","United States","USA","60.02","1.23","men 100"
"2013","men","100","breast"," 8","Nicolas FINK","United States","USA","60.10","1.31","men 100"
"2013","men","100","fly"," 1","Chad LE CLOS","South Africa","RSA","51.06","0.00","men 100"
"2013","men","100","fly"," 2","Laszlo CSEH","Hungary","HUN","51.45","0.39","men 100"
"2013","men","100","fly"," 3","Konrad CZERNIAK","Poland","POL","51.46","0.40","men 100"
"2013","men","100","fly"," 4","Steffen DEIBLER","Germany","GER","51.54","0.48","men 100"
"2013","men","100","fly"," 5","Evgeny KOROTYSHKIN","Russia","RUS","51.57","0.51","men 100"
"2013","men","100","fly"," 6","Ryan LOCHTE","United States","USA","51.58","0.52","men 100"
"2013","men","100","fly"," 7","Matteo RIVOLTA","Italy","ITA","51.65","0.59","men 100"
"2013","men","100","fly"," 7","Yauhen TSURKIN","Belarus","BLR","51.65","0.59","men 100"
"2013","men","100","free"," 1","James MAGNUSSEN","Australia","AUS","47.71","0.00","men 100"
"2013","men","100","free"," 2","James FEIGEN","United States","USA","47.82","0.11","men 100"
"2013","men","100","free"," 3","Nathan ADRIAN","United States","USA","47.84","0.13","men 100"
"2013","men","100","free"," 4","Cameron MCEVOY","Australia","AUS","47.88","0.17","men 100"
"2013","men","100","free"," 5","Vladimir MOROZOV","Russia","RUS","48.01","0.30","men 100"
"2013","men","100","free"," 6","Marcelo CHIERIGHINI","Brazil","BRA","48.28","0.57","men 100"
"2013","men","100","free"," 7","Fabien GILOT","France","FRA","48.33","0.62","men 100"
"2013","men","100","free"," 8","Luca DOTTO","Italy","ITA","48.58","0.87","men 100"
"2013","women"," 50","back"," 1","Jing ZHAO","China","CHN","27.29","0.00","women 50"
"2013","women"," 50","back"," 2","Yuanhui FU","China","CHN","27.39","0.10","women 50"
"2013","women"," 50","back"," 3","Aya TERAKAWA","Japan","JPN","27.53","0.24","women 50"
"2013","women"," 50","back"," 4","Etiene MEDEIROS","Brazil","BRA","27.83","0.54","women 50"
"2013","women"," 50","back"," 5","Mercedes PERIS MINGUET","Spain","ESP","27.93","0.64","women 50"
"2013","women"," 50","back"," 6","Georgia DAVIES","Great Britain","GBR","27.96","0.67","women 50"
"2013","women"," 50","back"," 7","Rachel BOOTSMA","United States","USA","28.05","0.76","women 50"
"2013","women"," 50","back"," 8","Lauren QUIGLEY","Great Britain","GBR","28.33","1.04","women 50"
"2013","women"," 50","breast"," 1","Yuliya EFIMOVA","Russia","RUS","29.52","0.00","women 50"
"2013","women"," 50","breast"," 2","Ruta MEILUTYTE","Lithuania","LTU","29.59","0.07","women 50"
"2013","women"," 50","breast"," 3","Jessica HARDY","United States","USA","29.80","0.28","women 50"
"2013","women"," 50","breast"," 4","Breeja LARSON","United States","USA","29.95","0.43","women 50"
"2013","women"," 50","breast"," 5","Jennie JOHANSSON","Sweden","SWE","30.23","0.71","women 50"
"2013","women"," 50","breast"," 6","Rikke MØLLER PEDERSEN","Denmark","DEN","30.72","1.20","women 50"
"2013","women"," 50","breast"," 7","Moniek NIJHUIS","Netherlands","NED","31.31","1.79","women 50"
"2013","women"," 50","breast"," 8","Petra CHOCOVA","Czech Republic","CZE","NA","NA","women 50"
"2013","women"," 50","fly"," 1","Jeanette OTTESEN GRAY","Denmark","DEN","25.24","0.00","women 50"
"2013","women"," 50","fly"," 2","Ying LU","China","CHN","25.42","0.18","women 50"
"2013","women"," 50","fly"," 3","Ranomi KROMOWIDJOJO","Netherlands","NED","25.53","0.29","women 50"
"2013","women"," 50","fly"," 4","Francesca HALSALL","Great Britain","GBR","25.70","0.46","women 50"
"2013","women"," 50","fly"," 5","Inge DEKKER","Netherlands","NED","25.83","0.59","women 50"
"2013","women"," 50","fly"," 6","Melanie HENIQUE","France","FRA","25.96","0.72","women 50"
"2013","women"," 50","fly"," 7","Farida OSMAN","Egypt","EGY","26.17","0.93","women 50"
"2013","women"," 50","fly"," 8","Dana VOLLMER","United States","USA","26.46","1.22","women 50"
"2013","women"," 50","free"," 1","Ranomi KROMOWIDJOJO","Netherlands","NED","24.05","0.00","women 50"
"2013","women"," 50","free"," 2","Cate CAMPBELL","Australia","AUS","24.14","0.09","women 50"
"2013","women"," 50","free"," 3","Francesca HALSALL","Great Britain","GBR","24.30","0.25","women 50"
"2013","women"," 50","free"," 4","Sarah SJÖSTRÖM","Sweden","SWE","24.45","0.40","women 50"
"2013","women"," 50","free"," 5","Bronte CAMPBELL","Australia","AUS","24.66","0.61","women 50"
"2013","women"," 50","free"," 5","Jeanette OTTESEN GRAY","Denmark","DEN","24.66","0.61","women 50"
"2013","women"," 50","free"," 7","Simone MANUEL","United States","USA","24.80","0.75","women 50"
"2013","women"," 50","free"," 8","Dorothea BRANDT","Germany","GER","24.81","0.76","women 50"
"2013","women","100","back"," 1","Missy FRANKLIN","United States","USA","58.42","0.00","women 100"
"2013","women","100","back"," 2","Emily SEEBOHM","Australia","AUS","59.06","0.64","women 100"
"2013","women","100","back"," 3","Aya TERAKAWA","Japan","JPN","59.23","0.81","women 100"
"2013","women","100","back"," 4","Elizabeth PELTON","United States","USA","59.45","1.03","women 100"
"2013","women","100","back"," 5","Yuanhui FU","China","CHN","59.61","1.19","women 100"
"2013","women","100","back"," 6","Simona BAUMRTOVA","Czech Republic","CZE","59.84","1.42","women 100"
"2013","women","100","back"," 7","Daryna ZEVINA","Ukraine","UKR","60.16","1.74","women 100"
"2013","women","100","back"," 8","Belinda HOCKING","Australia","AUS","60.29","1.87","women 100"
"2013","women","100","breast"," 1","Ruta MEILUTYTE","Lithuania","LTU","64.42","0.00","women 100"
"2013","women","100","breast"," 2","Yuliya EFIMOVA","Russia","RUS","65.02","0.60","women 100"
"2013","women","100","breast"," 3","Jessica HARDY","United States","USA","65.52","1.10","women 100"
"2013","women","100","breast"," 4","Rikke MØLLER PEDERSEN","Denmark","DEN","65.93","1.51","women 100"
"2013","women","100","breast"," 5","Breeja LARSON","United States","USA","66.74","2.32","women 100"
"2013","women","100","breast"," 6","Viktoriya SOLNCEVA","Ukraine","UKR","66.81","2.39","women 100"
"2013","women","100","breast"," 7","Marina GARCIA URZAINQUI","Spain","ESP","67.08","2.66","women 100"
"2013","women","100","breast"," 8","Jennie JOHANSSON","Sweden","SWE","67.41","2.99","women 100"
"2013","women","100","fly"," 1","Sarah SJÖSTRÖM","Sweden","SWE","56.53","0.00","women 100"
"2013","women","100","fly"," 2","Alicia COUTTS","Australia","AUS","56.97","0.44","women 100"
"2013","women","100","fly"," 3","Dana VOLLMER","United States","USA","57.24","0.71","women 100"
"2013","women","100","fly"," 4","Jeanette OTTESEN GRAY","Denmark","DEN","57.27","0.74","women 100"
"2013","women","100","fly"," 5","Katerine SAVARD","Canada","CAN","57.97","1.44","women 100"
"2013","women","100","fly"," 6","Ilaria BIANCHI","Italy","ITA","58.11","1.58","women 100"
"2013","women","100","fly"," 7","Noemie THOMAS","Canada","CAN","58.13","1.60","women 100"
"2013","women","100","fly"," 8","Claire DONAHUE","United States","USA","58.30","1.77","women 100"
"2013","women","100","free"," 1","Cate CAMPBELL","Australia","AUS","52.34","0.00","women 100"
"2013","women","100","free"," 2","Sarah SJÖSTRÖM","Sweden","SWE","52.89","0.55","women 100"
"2013","women","100","free"," 3","Ranomi KROMOWIDJOJO","Netherlands","NED","53.42","1.08","women 100"
"2013","women","100","free"," 4","Missy FRANKLIN","United States","USA","53.47","1.13","women 100"
"2013","women","100","free"," 5","Femke HEEMSKERK","Netherlands","NED","53.67","1.33","women 100"
"2013","women","100","free"," 6","Britta STEFFEN","Germany","GER","53.75","1.41","women 100"
"2013","women","100","free"," 7","Yi TANG","China","CHN","54.27","1.93","women 100"
"2013","women","100","free"," 8","Shannon VREELAND","United States","USA","54.49","2.15","women 100"
"2015","men"," 50","back"," 1","Camille LACOURT","France","FRA","24.23","0.00","men 50"
"2015","men"," 50","back"," 2","Matt GREVERS","United States","USA","24.61","0.38","men 50"
"2015","men"," 50","back"," 3","Ben TREFFERS","Australia","AUS","24.69","0.46","men 50"
"2015","men"," 50","back"," 4","Mitchell LARKIN","Australia","AUS","24.70","0.47","men 50"
"2015","men"," 50","back"," 5","Vladimir MOROZOV","Russia","RUS","24.73","0.50","men 50"
"2015","men"," 50","back"," 6","Lavrans SOLLI","Norway","NOR","24.84","0.61","men 50"
"2015","men"," 50","back"," 7","Liam TANCOCK","Great Britain","GBR","24.88","0.65","men 50"
"2015","men"," 50","back"," 8","David PLUMMER","United States","USA","24.95","0.72","men 50"
"2015","men"," 50","breast"," 1","Adam PEATY","Great Britain","GBR","26.51","0.00","men 50"
"2015","men"," 50","breast"," 2","Cameron VAN DER BURGH","South Africa","RSA","26.66","0.15","men 50"
"2015","men"," 50","breast"," 3","Kevin CORDES","United States","USA","26.86","0.35","men 50"
"2015","men"," 50","breast"," 4","Felipe Alves FRANÇA DA SILVA","Brazil","BRA","26.87","0.36","men 50"
"2015","men"," 50","breast"," 5","Damir DUGONJIC","Slovenia","SLO","27.23","0.72","men 50"
"2015","men"," 50","breast"," 5","Giedrius TITENIS","Lithuania","LTU","27.23","0.72","men 50"
"2015","men"," 50","breast"," 7","Glenn SNYDERS","New Zealand","NZL","27.36","0.85","men 50"
"2015","men"," 50","breast"," 8","Caba SILADI","Serbia","SRB","27.45","0.94","men 50"
"2015","men"," 50","fly"," 1","Florent MANAUDOU","France","FRA","22.97","0.00","men 50"
"2015","men"," 50","fly"," 2","Nicholas SANTOS","Brazil","BRA","23.09","0.12","men 50"
"2015","men"," 50","fly"," 3","Laszlo CSEH","Hungary","HUN","23.15","0.18","men 50"
"2015","men"," 50","fly"," 3","Konrad CZERNIAK","Poland","POL","23.15","0.18","men 50"
"2015","men"," 50","fly"," 5","Andrii GOVOROV","Ukraine","UKR","23.18","0.21","men 50"
"2015","men"," 50","fly"," 6","Cesar CIELO FILHO","Brazil","BRA","23.21","0.24","men 50"
"2015","men"," 50","fly"," 7","Joseph Isaac SCHOOLING","Singapore","SIN","23.25","0.28","men 50"
"2015","men"," 50","fly"," 8","Benjamin PROUD","Great Britain","GBR","23.39","0.42","men 50"
"2015","men"," 50","free"," 1","Florent MANAUDOU","France","FRA","21.19","0.00","men 50"
"2015","men"," 50","free"," 2","Nathan ADRIAN","United States","USA","21.52","0.33","men 50"
"2015","men"," 50","free"," 3","Bruno FRATUS","Brazil","BRA","21.55","0.36","men 50"
"2015","men"," 50","free"," 4","Vladimir MOROZOV","Russia","RUS","21.56","0.37","men 50"
"2015","men"," 50","free"," 5","Andrii GOVOROV","Ukraine","UKR","21.86","0.67","men 50"
"2015","men"," 50","free"," 5","Marco ORSI","Italy","ITA","21.86","0.67","men 50"
"2015","men"," 50","free"," 7","Kristian GKOLOMEEV","Greece","GRE","21.98","0.79","men 50"
"2015","men"," 50","free"," 8","Benjamin PROUD","Great Britain","GBR","22.04","0.85","men 50"
"2015","men","100","back"," 1","Mitchell LARKIN","Australia","AUS","52.40","0.00","men 100"
"2015","men","100","back"," 2","Camille LACOURT","France","FRA","52.48","0.08","men 100"
"2015","men","100","back"," 3","Matt GREVERS","United States","USA","52.66","0.26","men 100"
"2015","men","100","back"," 4","Jiayu XU","China","CHN","52.89","0.49","men 100"
"2015","men","100","back"," 5","Chris WALKER-HEBBORN","Great Britain","GBR","53.02","0.62","men 100"
"2015","men","100","back"," 6","Ryosuke IRIE","Japan","JPN","53.10","0.70","men 100"
"2015","men","100","back"," 7","Evgeny RYLOV","Russia","RUS","53.23","0.83","men 100"
"2015","men","100","back"," 8","Liam TANCOCK","Great Britain","GBR","53.37","0.97","men 100"
"2015","men","100","breast"," 1","Adam PEATY","Great Britain","GBR","58.52","0.00","men 100"
"2015","men","100","breast"," 2","Cameron VAN DER BURGH","South Africa","RSA","58.59","0.07","men 100"
"2015","men","100","breast"," 3","Ross MURDOCH","Great Britain","GBR","59.09","0.57","men 100"
"2015","men","100","breast"," 4","Dmitriy BALANDIN","Kazakhstan","KAZ","59.42","0.90","men 100"
"2015","men","100","breast"," 5","Jake PACKARD","Australia","AUS","59.44","0.92","men 100"
"2015","men","100","breast"," 6","Giedrius TITENIS","Lithuania","LTU","59.56","1.04","men 100"
"2015","men","100","breast"," 7","Kirill PRIGODA","Russia","RUS","59.84","1.32","men 100"
"2015","men","100","breast"," 8","Hendrik FELDWEHR","Germany","GER","60.16","1.64","men 100"
"2015","men","100","fly"," 1","Chad LE CLOS","South Africa","RSA","50.56","0.00","men 100"
"2015","men","100","fly"," 2","Laszlo CSEH","Hungary","HUN","50.87","0.31","men 100"
"2015","men","100","fly"," 3","Joseph Isaac SCHOOLING","Singapore","SIN","50.96","0.40","men 100"
"2015","men","100","fly"," 4","Tom SHIELDS","United States","USA","51.06","0.50","men 100"
"2015","men","100","fly"," 5","Mehdy METELLA","France","FRA","51.24","0.68","men 100"
"2015","men","100","fly"," 6","Konrad CZERNIAK","Poland","POL","51.28","0.72","men 100"
"2015","men","100","fly"," 7","Pawel KORZENIOWSKI","Poland","POL","51.46","0.90","men 100"
"2015","men","100","fly"," 8","Zhuhao LI","China","CHN","51.66","1.10","men 100"
"2015","men","100","free"," 1","Zetao NING","China","CHN","47.84","0.00","men 100"
"2015","men","100","free"," 2","Cameron MCEVOY","Australia","AUS","47.95","0.11","men 100"
"2015","men","100","free"," 3","Federico GRABICH","Argentina","ARG","48.12","0.28","men 100"
"2015","men","100","free"," 4","Santo CONDORELLI","Canada","CAN","48.19","0.35","men 100"
"2015","men","100","free"," 5","Marcelo CHIERIGHINI","Brazil","BRA","48.27","0.43","men 100"
"2015","men","100","free"," 6","Alexander SUKHORUKOV","Russia","RUS","48.28","0.44","men 100"
"2015","men","100","free"," 7","Nathan ADRIAN","United States","USA","48.31","0.47","men 100"
"2015","men","100","free"," 7","Pieter TIMMERS","Belgium","BEL","48.31","0.47","men 100"
"2015","women"," 50","back"," 1","Yuanhui FU","China","CHN","27.11","0.00","women 50"
"2015","women"," 50","back"," 2","Etiene MEDEIROS","Brazil","BRA","27.26","0.15","women 50"
"2015","women"," 50","back"," 3","Xiang LIU","China","CHN","27.58","0.47","women 50"
"2015","women"," 50","back"," 4","Emily SEEBOHM","Australia","AUS","27.66","0.55","women 50"
"2015","women"," 50","back"," 5","Mie NIELSEN","Denmark","DEN","27.73","0.62","women 50"
"2015","women"," 50","back"," 6","Madison WILSON","Australia","AUS","27.92","0.81","women 50"
"2015","women"," 50","back"," 7","Lauren Alice QUIGLEY","Great Britain","GBR","27.99","0.88","women 50"
"2015","women"," 50","back"," 8","Theodora DRAKOU","Greece","GRE","28.17","1.06","women 50"
"2015","women"," 50","breast"," 1","Jennie JOHANSSON","Sweden","SWE","30.05","0.00","women 50"
"2015","women"," 50","breast"," 2","Alia ATKINSON","Jamaica","JAM","30.11","0.06","women 50"
"2015","women"," 50","breast"," 3","Yuliya EFIMOVA","Russia","RUS","30.13","0.08","women 50"
"2015","women"," 50","breast"," 4","Ruta MEILUTYTE","Lithuania","LTU","30.14","0.09","women 50"
"2015","women"," 50","breast"," 5","Jessica HARDY","United States","USA","30.20","0.15","women 50"
"2015","women"," 50","breast"," 6","Ran SUO","China","CHN","30.74","0.69","women 50"
"2015","women"," 50","breast"," 7","Hrafnhildur LUTHERSDOTTIR","Iceland","ISL","31.12","1.07","women 50"
"2015","women"," 50","breast"," 8","Mariia LIVER","Ukraine","UKR","31.14","1.09","women 50"
"2015","women"," 50","fly"," 1","Sarah SJÖSTRÖM","Sweden","SWE","24.96","0.00","women 50"
"2015","women"," 50","fly"," 2","Jeanette OTTESEN","Denmark","DEN","25.34","0.38","women 50"
"2015","women"," 50","fly"," 3","Ying LU","China","CHN","25.37","0.41","women 50"
"2015","women"," 50","fly"," 4","Inge DEKKER","Netherlands","NED","25.64","0.68","women 50"
"2015","women"," 50","fly"," 5","Farida OSMAN","Egypt","EGY","25.78","0.82","women 50"
"2015","women"," 50","fly"," 6","Fran HALSALL","Great Britain","GBR","25.85","0.89","women 50"
"2015","women"," 50","fly"," 7","Arianna VANDERPOOL-WALLACE","Bahamas","BAH","25.93","0.97","women 50"
"2015","women"," 50","fly"," 8","Anna DOWGIERT","Poland","POL","26.20","1.24","women 50"
"2015","women"," 50","free"," 1","Bronte CAMPBELL","Australia","AUS","24.12","0.00","women 50"
"2015","women"," 50","free"," 2","Ranomi KROMOWIDJOJO","Netherlands","NED","24.22","0.10","women 50"
"2015","women"," 50","free"," 3","Sarah SJÖSTRÖM","Sweden","SWE","24.31","0.19","women 50"
"2015","women"," 50","free"," 4","Cate CAMPBELL","Australia","AUS","24.36","0.24","women 50"
"2015","women"," 50","free"," 5","Chantal VAN LANDEGHEM","Canada","CAN","24.39","0.27","women 50"
"2015","women"," 50","free"," 6","Arianna VANDERPOOL-WALLACE","Bahamas","BAH","24.44","0.32","women 50"
"2015","women"," 50","free"," 7","Fran HALSALL","Great Britain","GBR","24.51","0.39","women 50"
"2015","women"," 50","free"," 8","Simone MANUEL","United States","USA","24.57","0.45","women 50"
"2015","women","100","back"," 1","Emily SEEBOHM","Australia","AUS","58.26","0.00","women 100"
"2015","women","100","back"," 2","Madison WILSON","Australia","AUS","58.75","0.49","women 100"
"2015","women","100","back"," 3","Mie NIELSEN","Denmark","DEN","58.86","0.60","women 100"
"2015","women","100","back"," 4","Yuanhui FU","China","CHN","59.02","0.76","women 100"
"2015","women","100","back"," 5","Missy FRANKLIN","United States","USA","59.40","1.14","women 100"
"2015","women","100","back"," 6","Anastasiia FESIKOVA","Russia","RUS","59.66","1.40","women 100"
"2015","women","100","back"," 7","Lauren Alice QUIGLEY","Great Britain","GBR","59.78","1.52","women 100"
"2015","women","100","back"," 8","Kathleen BAKER","United States","USA","59.99","1.73","women 100"
"2015","women","100","breast"," 1","Yuliya EFIMOVA","Russia","RUS","65.66","0.00","women 100"
"2015","women","100","breast"," 2","Ruta MEILUTYTE","Lithuania","LTU","66.36","0.70","women 100"
"2015","women","100","breast"," 3","Alia ATKINSON","Jamaica","JAM","66.42","0.76","women 100"
"2015","women","100","breast"," 4","Kanako WATANABE","Japan","JPN","66.43","0.77","women 100"
"2015","women","100","breast"," 5","Jinglin SHI","China","CHN","66.55","0.89","women 100"
"2015","women","100","breast"," 6","Hrafnhildur LUTHERSDOTTIR","Iceland","ISL","67.10","1.44","women 100"
"2015","women","100","breast"," 7","Jennie JOHANSSON","Sweden","SWE","67.17","1.51","women 100"
"2015","women","100","breast"," 8","Arianna CASTIGLIONI","Italy","ITA","67.60","1.94","women 100"
"2015","women","100","fly"," 1","Sarah SJÖSTRÖM","Sweden","SWE","55.64","0.00","women 100"
"2015","women","100","fly"," 2","Jeanette OTTESEN","Denmark","DEN","57.05","1.41","women 100"
"2015","women","100","fly"," 3","Ying LU","China","CHN","57.48","1.84","women 100"
"2015","women","100","fly"," 4","Emma MCKEON","Australia","AUS","57.67","2.03","women 100"
"2015","women","100","fly"," 5","Katerine SAVARD","Canada","CAN","57.69","2.05","women 100"
"2015","women","100","fly"," 6","Xinyi CHEN","China","CHN","57.85","2.21","women 100"
"2015","women","100","fly"," 7","Alexandra Nathalie WENK","Germany","GER","57.94","2.30","women 100"
"2015","women","100","fly"," 8","Noemie THOMAS","Canada","CAN","58.22","2.58","women 100"
"2015","women","100","free"," 1","Bronte CAMPBELL","Australia","AUS","52.52","0.00","women 100"
"2015","women","100","free"," 2","Sarah SJÖSTRÖM","Sweden","SWE","52.70","0.18","women 100"
"2015","women","100","free"," 3","Cate CAMPBELL","Australia","AUS","52.82","0.30","women 100"
"2015","women","100","free"," 4","Ranomi KROMOWIDJOJO","Netherlands","NED","53.17","0.65","women 100"
"2015","women","100","free"," 5","Femke HEEMSKERK","Netherlands","NED","53.58","1.06","women 100"
"2015","women","100","free"," 6","Simone MANUEL","United States","USA","53.93","1.41","women 100"
"2015","women","100","free"," 7","Missy FRANKLIN","United States","USA","54.00","1.48","women 100"
"2015","women","100","free"," 8","Duo SHEN","China","CHN","54.76","2.24","women 100"
"2017","men"," 50","back"," 1","Camille LACOURT","France","FRA","24.35","0.00","men 50"
"2017","men"," 50","back"," 2","Junya KOGA","Japan","JPN","24.51","0.16","men 50"
"2017","men"," 50","back"," 3","Matt GREVERS","United States","USA","24.56","0.21","men 50"
"2017","men"," 50","back"," 4","Jeremy STRAVIUS","France","FRA","24.61","0.26","men 50"
"2017","men"," 50","back"," 5","Jiayu XU","China","CHN","24.74","0.39","men 50"
"2017","men"," 50","back"," 6","Justin RESS","United States","USA","24.77","0.42","men 50"
"2017","men"," 50","back"," 7","Pavel SANKOVICH","Belarus","BLR","24.83","0.48","men 50"
"2017","men"," 50","back"," 8","Jonatan Josef KOPELEV","Israel","ISR","24.85","0.50","men 50"
"2017","men"," 50","breast"," 1","Adam PEATY","Great Britain","GBR","25.99","0.00","men 50"
"2017","men"," 50","breast"," 2","Joao GOMES JUNIOR","Brazil","BRA","26.52","0.53","men 50"
"2017","men"," 50","breast"," 3","Cameron VAN DER BURGH","South Africa","RSA","26.60","0.61","men 50"
"2017","men"," 50","breast"," 4","Felipe LIMA","Brazil","BRA","26.78","0.79","men 50"
"2017","men"," 50","breast"," 5","Kevin CORDES","United States","USA","26.80","0.81","men 50"
"2017","men"," 50","breast"," 6","Fabio SCOZZOLI","Italy","ITA","26.91","0.92","men 50"
"2017","men"," 50","breast"," 7","Kirill PRIGODA","Russia","RUS","27.01","1.02","men 50"
"2017","men"," 50","breast"," 8","Ilya SHYMANOVICH","Belarus","BLR","27.27","1.28","men 50"
"2017","men"," 50","fly"," 1","Benjamin PROUD","Great Britain","GBR","22.75","0.00","men 50"
"2017","men"," 50","fly"," 2","Nicholas SANTOS","Brazil","BRA","22.79","0.04","men 50"
"2017","men"," 50","fly"," 3","Andrii GOVOROV","Ukraine","UKR","22.84","0.09","men 50"
"2017","men"," 50","fly"," 4","Caeleb Remel DRESSEL","United States","USA","22.89","0.14","men 50"
"2017","men"," 50","fly"," 5","Joseph SCHOOLING","Singapore","SGP","22.95","0.20","men 50"
"2017","men"," 50","fly"," 6","Henrique MARTINS","Brazil","BRA","23.14","0.39","men 50"
"2017","men"," 50","fly"," 7","Andrii KHLOPTSOV","Ukraine","UKR","23.31","0.56","men 50"
"2017","men"," 50","fly"," 8","Tim PHILLIPS","United States","USA","23.38","0.63","men 50"
"2017","men"," 50","free"," 1","Caeleb Remel DRESSEL","United States","USA","21.15","0.00","men 50"
"2017","men"," 50","free"," 2","Bruno FRATUS","Brazil","BRA","21.27","0.12","men 50"
"2017","men"," 50","free"," 3","Benjamin PROUD","Great Britain","GBR","21.43","0.28","men 50"
"2017","men"," 50","free"," 4","Vladimir MOROZOV","Russia","RUS","21.46","0.31","men 50"
"2017","men"," 50","free"," 5","Pawel JURASZEK","Poland","POL","21.47","0.32","men 50"
"2017","men"," 50","free"," 6","Ari-Pekka LIUKKONEN","Finland","FIN","21.67","0.52","men 50"
"2017","men"," 50","free"," 7","Kristian GKOLOMEEV","Greece","GRE","21.73","0.58","men 50"
"2017","men"," 50","free"," 8","Cesar CIELO FILHO","Brazil","BRA","21.83","0.68","men 50"
"2017","men","100","back"," 1","Jiayu XU","China","CHN","52.44","0.00","men 100"
"2017","men","100","back"," 2","Matt GREVERS","United States","USA","52.48","0.04","men 100"
"2017","men","100","back"," 3","Ryan MURPHY","United States","USA","52.59","0.15","men 100"
"2017","men","100","back"," 4","Ryosuke IRIE","Japan","JPN","53.03","0.59","men 100"
"2017","men","100","back"," 5","Grigory TARASEVICH","Russia","RUS","53.12","0.68","men 100"
"2017","men","100","back"," 6","Mitchell LARKIN","Australia","AUS","53.24","0.80","men 100"
"2017","men","100","back"," 7","Guilherme GUIDO","Brazil","BRA","53.66","1.22","men 100"
"2017","men","100","back"," 8","Corey MAIN","New Zealand","NZL","53.87","1.43","men 100"
"2017","men","100","breast"," 1","Adam PEATY","Great Britain","GBR","57.47","0.00","men 100"
"2017","men","100","breast"," 2","Kevin CORDES","United States","USA","58.79","1.32","men 100"
"2017","men","100","breast"," 3","Kirill PRIGODA","Russia","RUS","59.05","1.58","men 100"
"2017","men","100","breast"," 4","Yasuhiro KOSEKI","Japan","JPN","59.10","1.63","men 100"
"2017","men","100","breast"," 5","Cody MILLER","United States","USA","59.11","1.64","men 100"
"2017","men","100","breast"," 6","Andrius SIDLAUSKAS","Lithuania","LTU","59.21","1.74","men 100"
"2017","men","100","breast"," 7","Zibei YAN","China","CHN","59.42","1.95","men 100"
"2017","men","100","breast"," 8","Ross MURDOCH","Great Britain","GBR","59.45","1.98","men 100"
"2017","men","100","fly"," 1","Caeleb Remel DRESSEL","United States","USA","49.86","0.00","men 100"
"2017","men","100","fly"," 2","Kristof MILAK","Hungary","HUN","50.62","0.76","men 100"
"2017","men","100","fly"," 3","Joseph SCHOOLING","Singapore","SGP","50.83","0.97","men 100"
"2017","men","100","fly"," 3","James GUY","Great Britain","GBR","50.83","0.97","men 100"
"2017","men","100","fly"," 5","Laszlo CSEH","Hungary","HUN","50.92","1.06","men 100"
"2017","men","100","fly"," 6","Zhuhao LI","China","CHN","50.96","1.10","men 100"
"2017","men","100","fly"," 7","Grant IRVINE","Australia","AUS","51.00","1.14","men 100"
"2017","men","100","fly"," 8","Mehdy METELLA","France","FRA","51.16","1.30","men 100"
"2017","men","100","free"," 1","Caeleb Remel DRESSEL","United States","USA","47.17","0.00","men 100"
"2017","men","100","free"," 2","Nathan ADRIAN","United States","USA","47.87","0.70","men 100"
"2017","men","100","free"," 3","Mehdy METELLA","France","FRA","47.89","0.72","men 100"
"2017","men","100","free"," 4","Cameron MCEVOY","Australia","AUS","47.92","0.75","men 100"
"2017","men","100","free"," 5","Duncan SCOTT","Great Britain","GBR","48.11","0.94","men 100"
"2017","men","100","free"," 5","Marcelo CHIERIGHINI","Brazil","BRA","48.11","0.94","men 100"
"2017","men","100","free"," 7","Jack CARTWRIGHT","Australia","AUS","48.24","1.07","men 100"
"2017","men","100","free"," 8","Sergii SHEVTSOV","Ukraine","UKR","48.26","1.09","men 100"
"2017","women"," 50","back"," 1","Etiene MEDEIROS","Brazil","BRA","27.14","0.00","women 50"
"2017","women"," 50","back"," 2","Yuanhui FU","China","CHN","27.15","0.01","women 50"
"2017","women"," 50","back"," 3","Aliaksandra HERASIMENIA","Belarus","BLR","27.23","0.09","women 50"
"2017","women"," 50","back"," 4","Emily SEEBOHM","Australia","AUS","27.37","0.23","women 50"
"2017","women"," 50","back"," 5","Kathleen BAKER","United States","USA","27.50","0.36","women 50"
"2017","women"," 50","back"," 6","Xueer WANG","China","CHN","27.55","0.41","women 50"
"2017","women"," 50","back"," 7","Holly BARRATT","Australia","AUS","27.60","0.46","women 50"
"2017","women"," 50","back"," 8","Georgia DAVIES","Great Britain","GBR","27.61","0.47","women 50"
"2017","women"," 50","breast"," 1","Lilly KING","United States","USA","29.40","0.00","women 50"
"2017","women"," 50","breast"," 2","Yuliya EFIMOVA","Russia","RUS","29.57","0.17","women 50"
"2017","women"," 50","breast"," 3","Katie MEILI","United States","USA","29.99","0.59","women 50"
"2017","women"," 50","breast"," 4","Ruta MEILUTYTE","Lithuania","LTU","30.20","0.80","women 50"
"2017","women"," 50","breast"," 5","Jennie JOHANSSON","Sweden","SWE","30.31","0.91","women 50"
"2017","women"," 50","breast"," 6","Sarah VASEY","Great Britain","GBR","30.62","1.22","women 50"
"2017","women"," 50","breast"," 7","Arianna CASTIGLIONI","Italy","ITA","30.74","1.34","women 50"
"2017","women"," 50","breast"," 8","Rachel NICOL","Canada","CAN","30.80","1.40","women 50"
"2017","women"," 50","fly"," 1","Sarah SJÖSTRÖM","Sweden","SWE","24.60","0.00","women 50"
"2017","women"," 50","fly"," 2","Ranomi KROMOWIDJOJO","Netherlands","NED","25.38","0.78","women 50"
"2017","women"," 50","fly"," 3","Farida OSMAN","Egypt","EGY","25.39","0.79","women 50"
"2017","women"," 50","fly"," 4","Kelsi WORRELL","United States","USA","25.48","0.88","women 50"
"2017","women"," 50","fly"," 5","Penny OLEKSIAK","Canada","CAN","25.62","1.02","women 50"
"2017","women"," 50","fly"," 6","Melanie HENIQUE","France","FRA","25.76","1.16","women 50"
"2017","women"," 50","fly"," 7","Kimberly BUYS","Belgium","BEL","25.78","1.18","women 50"
"2017","women"," 50","fly"," 8","Aliena SCHMIDTKE","Germany","GER","26.08","1.48","women 50"
"2017","women"," 50","free"," 1","Sarah SJÖSTRÖM","Sweden","SWE","23.69","0.00","women 50"
"2017","women"," 50","free"," 2","Ranomi KROMOWIDJOJO","Netherlands","NED","23.85","0.16","women 50"
"2017","women"," 50","free"," 3","Simone MANUEL","United States","USA","23.97","0.28","women 50"
"2017","women"," 50","free"," 4","Pernille BLUME","Denmark","DEN","24.00","0.31","women 50"
"2017","women"," 50","free"," 5","Aliaksandra HERASIMENIA","Belarus","BLR","24.46","0.77","women 50"
"2017","women"," 50","free"," 6","Xiang LIU","China","CHN","24.58","0.89","women 50"
"2017","women"," 50","free"," 6","Anna SANTAMANS","France","FRA","24.58","0.89","women 50"
"2017","women"," 50","free"," 6","Bronte CAMPBELL","Australia","AUS","24.58","0.89","women 50"
"2017","women","100","back"," 1","Kylie Jacqueline MASSE","Canada","CAN","58.10","0.00","women 100"
"2017","women","100","back"," 2","Kathleen BAKER","United States","USA","58.58","0.48","women 100"
"2017","women","100","back"," 3","Emily SEEBOHM","Australia","AUS","58.59","0.49","women 100"
"2017","women","100","back"," 4","Olivia SMOLIGA","United States","USA","58.77","0.67","women 100"
"2017","women","100","back"," 5","Anastasiia FESIKOVA","Russia","RUS","58.83","0.73","women 100"
"2017","women","100","back"," 6","Daria USTINOVA","Russia","RUS","59.50","1.40","women 100"
"2017","women","100","back"," 7","Simona BAUMRTOVA","Czech Republic","CZE","59.71","1.61","women 100"
"2017","women","100","back"," 8","Kathleen DAWSON","Great Britain","GBR","59.90","1.80","women 100"
"2017","women","100","breast"," 1","Lilly KING","United States","USA","64.13","0.00","women 100"
"2017","women","100","breast"," 2","Katie MEILI","United States","USA","65.03","0.90","women 100"
"2017","women","100","breast"," 3","Yuliya EFIMOVA","Russia","RUS","65.05","0.92","women 100"
"2017","women","100","breast"," 4","Ruta MEILUTYTE","Lithuania","LTU","65.65","1.52","women 100"
"2017","women","100","breast"," 5","Jinglin SHI","China","CHN","66.43","2.30","women 100"
"2017","women","100","breast"," 6","Kierra SMITH","Canada","CAN","66.90","2.77","women 100"
"2017","women","100","breast"," 7","Jessica VALL","Spain","ESP","66.95","2.82","women 100"
"2017","women","100","breast"," 8","Sarah VASEY","Great Britain","GBR","67.19","3.06","women 100"
"2017","women","100","fly"," 1","Sarah SJÖSTRÖM","Sweden","SWE","55.53","0.00","women 100"
"2017","women","100","fly"," 2","Emma MCKEON","Australia","AUS","56.18","0.65","women 100"
"2017","women","100","fly"," 3","Kelsi WORRELL","United States","USA","56.37","0.84","women 100"
"2017","women","100","fly"," 4","Penny OLEKSIAK","Canada","CAN","56.94","1.41","women 100"
"2017","women","100","fly"," 5","Sehyeon AN","Republic of Korea","KOR","57.07","1.54","women 100"
"2017","women","100","fly"," 6","Rikako IKEE","Japan","JPN","57.08","1.55","women 100"
"2017","women","100","fly"," 7","Svetlana CHIMROVA","Russia","RUS","57.24","1.71","women 100"
"2017","women","100","fly"," 8","Yufei ZHANG","China","CHN","57.51","1.98","women 100"
"2017","women","100","free"," 1","Simone MANUEL","United States","USA","52.27","0.00","women 100"
"2017","women","100","free"," 2","Sarah SJÖSTRÖM","Sweden","SWE","52.31","0.04","women 100"
"2017","women","100","free"," 3","Pernille BLUME","Denmark","DEN","52.69","0.42","women 100"
"2017","women","100","free"," 4","Mallory COMERFORD","United States","USA","52.77","0.50","women 100"
"2017","women","100","free"," 5","Ranomi KROMOWIDJOJO","Netherlands","NED","52.78","0.51","women 100"
"2017","women","100","free"," 6","Penny OLEKSIAK","Canada","CAN","52.94","0.67","women 100"
"2017","women","100","free"," 7","Bronte CAMPBELL","Australia","AUS","53.18","0.91","women 100"
"2017","women","100","free"," 8","Emma MCKEON","Australia","AUS","53.21","0.94","women 100"
